country,period,GDP_in_PPS
Albania,2013,29
Albania,2014,30
Albania,2015,30
Albania,2016,30
Albania,2017,30
Albania,2018,30
Albania,2019,30
Albania,2020,30
Albania,2021,31
Albania,2022,33
Albania,2023,38
Albania,2024,42
Austria,2013,131
Austria,2014,129
Austria,2015,128
Austria,2016,128
Austria,2017,125
Austria,2018,126
Austria,2019,124
Austria,2020,123
Austria,2021,121
Austria,2022,123
Austria,2023,121
Austria,2024,119
Bosnia and Herzegovina,2013,30
Bosnia and Herzegovina,2014,30
Bosnia and Herzegovina,2015,31
Bosnia and Herzegovina,2016,31
Bosnia and Herzegovina,2017,31
Bosnia and Herzegovina,2018,32
Bosnia and Herzegovina,2019,32
Bosnia and Herzegovina,2020,33
Bosnia and Herzegovina,2021,33
Bosnia and Herzegovina,2022,34
Bosnia and Herzegovina,2023,35
Bosnia and Herzegovina,2024,35
Belgium,2013,121
Belgium,2014,121
Belgium,2015,119
Belgium,2016,118
Belgium,2017,117
Belgium,2018,116
Belgium,2019,117
Belgium,2020,118
Belgium,2021,117
Belgium,2022,118
Belgium,2023,118
Belgium,2024,117
Bulgaria,2013,46
Bulgaria,2014,48
Bulgaria,2015,49
Bulgaria,2016,51
Bulgaria,2017,52
Bulgaria,2018,53
Bulgaria,2019,55
Bulgaria,2020,57
Bulgaria,2021,60
Bulgaria,2022,62
Bulgaria,2023,63
Bulgaria,2024,66
Switzerland,2013,173
Switzerland,2014,173
Switzerland,2015,172
Switzerland,2016,167
Switzerland,2017,161
Switzerland,2018,160
Switzerland,2019,155
Switzerland,2020,156
Switzerland,2021,161
Switzerland,2022,161
Switzerland,2023,154
Switzerland,2024,151
Cyprus,2013,84
Cyprus,2014,80
Cyprus,2015,81
Cyprus,2016,86
Cyprus,2017,88
Cyprus,2018,89
Cyprus,2019,91
Cyprus,2020,89
Cyprus,2021,92
Cyprus,2022,95
Cyprus,2023,97
Cyprus,2024,99
Czechia,2013,85
Czechia,2014,88
Czechia,2015,89
Czechia,2016,89
Czechia,2017,92
Czechia,2018,93
Czechia,2019,95
Czechia,2020,96
Czechia,2021,92
Czechia,2022,90
Czechia,2023,91
Czechia,2024,91
Germany,2013,126
Germany,2014,128
Germany,2015,126
Germany,2016,126
Germany,2017,126
Germany,2018,125
Germany,2019,122
Germany,2020,123
Germany,2021,120
Germany,2022,120
Germany,2023,118
Germany,2024,116
Denmark,2013,129
Denmark,2014,128
Denmark,2015,127
Denmark,2016,126
Denmark,2017,128
Denmark,2018,127
Denmark,2019,125
Denmark,2020,132
Denmark,2021,133
Denmark,2022,134
Denmark,2023,126
Denmark,2024,127
Euro area - 19 countries  (2015-2022),2013,108
Euro area - 19 countries  (2015-2022),2014,108
Euro area - 19 countries  (2015-2022),2015,108
Euro area - 19 countries  (2015-2022),2016,107
Euro area - 19 countries  (2015-2022),2017,107
Euro area - 19 countries  (2015-2022),2018,107
Euro area - 19 countries  (2015-2022),2019,106
Euro area - 19 countries  (2015-2022),2020,105
Euro area - 19 countries  (2015-2022),2021,105
Euro area - 19 countries  (2015-2022),2022,105
Euro area - 19 countries  (2015-2022),2023,105
Euro area - 19 countries  (2015-2022),2024,105
Euro area – 20 countries (2023-2025),2013,108
Euro area – 20 countries (2023-2025),2014,107
Euro area – 20 countries (2023-2025),2015,107
Euro area – 20 countries (2023-2025),2016,107
Euro area – 20 countries (2023-2025),2017,106
Euro area – 20 countries (2023-2025),2018,106
Euro area – 20 countries (2023-2025),2019,105
Euro area – 20 countries (2023-2025),2020,104
Euro area – 20 countries (2023-2025),2021,104
Euro area – 20 countries (2023-2025),2022,105
Euro area – 20 countries (2023-2025),2023,105
Euro area – 20 countries (2023-2025),2024,104
Estonia,2013,76
Estonia,2014,78
Estonia,2015,77
Estonia,2016,78
Estonia,2017,80
Estonia,2018,82
Estonia,2019,84
Estonia,2020,85
Estonia,2021,85
Estonia,2022,83
Estonia,2023,80
Estonia,2024,79
Greece,2013,71
Greece,2014,71
Greece,2015,69
Greece,2016,67
Greece,2017,67
Greece,2018,66
Greece,2019,66
Greece,2020,62
Greece,2021,64
Greece,2022,66
Greece,2023,68
Greece,2024,69
Spain,2013,90
Spain,2014,90
Spain,2015,91
Spain,2016,92
Spain,2017,93
Spain,2018,91
Spain,2019,91
Spain,2020,83
Spain,2021,85
Spain,2022,88
Spain,2023,91
Spain,2024,91
European Union - 27 countries (from 2020),2013,100
European Union - 27 countries (from 2020),2014,100
European Union - 27 countries (from 2020),2015,100
European Union - 27 countries (from 2020),2016,100
European Union - 27 countries (from 2020),2017,100
European Union - 27 countries (from 2020),2018,100
European Union - 27 countries (from 2020),2019,100
European Union - 27 countries (from 2020),2020,100
European Union - 27 countries (from 2020),2021,100
European Union - 27 countries (from 2020),2022,100
European Union - 27 countries (from 2020),2023,100
European Union - 27 countries (from 2020),2024,100
Finland,2013,114
Finland,2014,111
Finland,2015,109
Finland,2016,109
Finland,2017,110
Finland,2018,109
Finland,2019,107
Finland,2020,112
Finland,2021,109
Finland,2022,106
Finland,2023,103
Finland,2024,102
France,2013,109
France,2014,108
France,2015,106
France,2016,105
France,2017,103
France,2018,103
France,2019,105
France,2020,104
France,2021,101
France,2022,97
France,2023,99
France,2024,98
Croatia,2013,61
Croatia,2014,60
Croatia,2015,61
Croatia,2016,62
Croatia,2017,63
Croatia,2018,64
Croatia,2019,67
Croatia,2020,66
Croatia,2021,70
Croatia,2022,72
Croatia,2023,78
Croatia,2024,78
Hungary,2013,68
Hungary,2014,69
Hungary,2015,70
Hungary,2016,69
Hungary,2017,69
Hungary,2018,72
Hungary,2019,73
Hungary,2020,75
Hungary,2021,75
Hungary,2022,76
Hungary,2023,76
Hungary,2024,76
Ireland,2013,134
Ireland,2014,141
Ireland,2015,185
Ireland,2016,178
Ireland,2017,187
Ireland,2018,192
Ireland,2019,190
Ireland,2020,205
Ireland,2021,225
Ireland,2022,237
Ireland,2023,218
Ireland,2024,221
Iceland,2013,125
Iceland,2014,126
Iceland,2015,131
Iceland,2016,135
Iceland,2017,133
Iceland,2018,131
Iceland,2019,129
Iceland,2020,123
Iceland,2021,124
Iceland,2022,135
Iceland,2023,136
Iceland,2024,131
Italy,2013,100
Italy,2014,98
Italy,2015,97
Italy,2016,99
Italy,2017,98
Italy,2018,97
Italy,2019,96
Italy,2020,93
Italy,2021,96
Italy,2022,98
Italy,2023,98
Italy,2024,98
Lithuania,2013,73
Lithuania,2014,75
Lithuania,2015,75
Lithuania,2016,75
Lithuania,2017,78
Lithuania,2018,81
Lithuania,2019,83
Lithuania,2020,87
Lithuania,2021,88
Lithuania,2022,87
Lithuania,2023,86
Lithuania,2024,87
Luxembourg,2013,277
Luxembourg,2014,280
Luxembourg,2015,279
Luxembourg,2016,276
Luxembourg,2017,266
Luxembourg,2018,258
Luxembourg,2019,249
Luxembourg,2020,256
Luxembourg,2021,263
Luxembourg,2022,250
Luxembourg,2023,248
Luxembourg,2024,245
Latvia,2013,60
Latvia,2014,61
Latvia,2015,62
Latvia,2016,63
Latvia,2017,64
Latvia,2018,66
Latvia,2019,66
Latvia,2020,69
Latvia,2021,71
Latvia,2022,69
Latvia,2023,70
Latvia,2024,68
Montenegro,2013,40
Montenegro,2014,41
Montenegro,2015,42
Montenegro,2016,44
Montenegro,2017,45
Montenegro,2018,47
Montenegro,2019,49
Montenegro,2020,44
Montenegro,2021,46
Montenegro,2022,48
Montenegro,2023,52
Montenegro,2024,53
North Macedonia,2013,38
North Macedonia,2014,39
North Macedonia,2015,39
North Macedonia,2016,40
North Macedonia,2017,40
North Macedonia,2018,41
North Macedonia,2019,42
North Macedonia,2020,42
North Macedonia,2021,43
North Macedonia,2022,41
North Macedonia,2023,41
North Macedonia,2024,42
Malta,2013,91
Malta,2014,94
Malta,2015,99
Malta,2016,100
Malta,2017,106
Malta,2018,107
Malta,2019,106
Malta,2020,105
Malta,2021,109
Malta,2022,103
Malta,2023,109
Malta,2024,110
Netherlands,2013,136
Netherlands,2014,133
Netherlands,2015,132
Netherlands,2016,130
Netherlands,2017,130
Netherlands,2018,130
Netherlands,2019,128
Netherlands,2020,131
Netherlands,2021,132
Netherlands,2022,134
Netherlands,2023,131
Netherlands,2024,134
Norway,2013,185
Norway,2014,177
Norway,2015,157
Norway,2016,145
Norway,2017,150
Norway,2018,156
Norway,2019,146
Norway,2020,141
Norway,2021,171
Norway,2022,214
Norway,2023,169
Norway,2024,160
Poland,2013,67
Poland,2014,68
Poland,2015,70
Poland,2016,69
Poland,2017,70
Poland,2018,72
Poland,2019,74
Poland,2020,79
Poland,2021,79
Poland,2022,78
Poland,2023,77
Poland,2024,78
Portugal,2013,77
Portugal,2014,77
Portugal,2015,76
Portugal,2016,77
Portugal,2017,76
Portugal,2018,77
Portugal,2019,77
Portugal,2020,75
Portugal,2021,74
Portugal,2022,77
Portugal,2023,81
Portugal,2024,82
Romania,2013,54
Romania,2014,55
Romania,2015,56
Romania,2016,58
Romania,2017,62
Romania,2018,65
Romania,2019,69
Romania,2020,72
Romania,2021,72
Romania,2022,72
Romania,2023,75
Romania,2024,77
Serbia,2013,42
Serbia,2014,41
Serbia,2015,40
Serbia,2016,40
Serbia,2017,40
Serbia,2018,41
Serbia,2019,42
Serbia,2020,44
Serbia,2021,45
Serbia,2022,45
Serbia,2023,48
Serbia,2024,52
Sweden,2013,127
Sweden,2014,125
Sweden,2015,126
Sweden,2016,123
Sweden,2017,119
Sweden,2018,117
Sweden,2019,117
Sweden,2020,120
Sweden,2021,120
Sweden,2022,113
Sweden,2023,111
Sweden,2024,111
Slovenia,2013,82
Slovenia,2014,82
Slovenia,2015,81
Slovenia,2016,82
Slovenia,2017,84
Slovenia,2018,86
Slovenia,2019,87
Slovenia,2020,88
Slovenia,2021,88
Slovenia,2022,89
Slovenia,2023,91
Slovenia,2024,90
Slovakia,2013,77
Slovakia,2014,78
Slovakia,2015,78
Slovakia,2016,73
Slovakia,2017,70
Slovakia,2018,70
Slovakia,2019,70
Slovakia,2020,74
Slovakia,2021,74
Slovakia,2022,71
Slovakia,2023,74
Slovakia,2024,75
Türkiye,2013,62
Türkiye,2014,65
Türkiye,2015,67
Türkiye,2016,65
Türkiye,2017,66
Türkiye,2018,64
Türkiye,2019,60
Türkiye,2020,61
Türkiye,2021,62
Türkiye,2022,68
Türkiye,2023,70
Türkiye,2024,72
United Kingdom,2013,110
United Kingdom,2014,111
United Kingdom,2015,111
United Kingdom,2016,108
United Kingdom,2017,108
United Kingdom,2018,106
United Kingdom,2019,104
United Kingdom,2020,102
