country,period,inflation_rate
Albania,2017,3.2
Albania,2018,1.8
Albania,2019,1.7
Albania,2020,2.2
Albania,2021,2.3
Albania,2022,6.6
Albania,2023,5.3
Albania,2024,2.6
Austria,2013,2.1
Austria,2014,1.5
Austria,2015,0.8
Austria,2016,1
Austria,2017,2.2
Austria,2018,2.1
Austria,2019,1.5
Austria,2020,1.4
Austria,2021,2.8
Austria,2022,8.6
Austria,2023,7.7
Austria,2024,2.9
Belgium,2013,1.2
Belgium,2014,0.5
Belgium,2015,0.6
Belgium,2016,1.8
Belgium,2017,2.2
Belgium,2018,2.3
Belgium,2019,1.2
Belgium,2020,0.4
Belgium,2021,3.2
Belgium,2022,10.3
Belgium,2023,2.3
Belgium,2024,4.3
Bulgaria,2013,0.4
Bulgaria,2014,-1.6
Bulgaria,2015,-1.1
Bulgaria,2016,-1.3
Bulgaria,2017,1.2
Bulgaria,2018,2.6
Bulgaria,2019,2.5
Bulgaria,2020,1.2
Bulgaria,2021,2.8
Bulgaria,2022,13
Bulgaria,2023,8.6
Bulgaria,2024,2.6
Switzerland,2013,0.1
Switzerland,2014,0
Switzerland,2015,-0.8
Switzerland,2016,-0.5
Switzerland,2017,0.6
Switzerland,2018,0.9
Switzerland,2019,0.4
Switzerland,2020,-0.8
Switzerland,2021,0.5
Switzerland,2022,2.7
Switzerland,2023,2.3
Switzerland,2024,1.1
Cyprus,2013,0.4
Cyprus,2014,-0.3
Cyprus,2015,-1.5
Cyprus,2016,-1.2
Cyprus,2017,0.7
Cyprus,2018,0.8
Cyprus,2019,0.5
Cyprus,2020,-1.1
Cyprus,2021,2.3
Cyprus,2022,8.1
Cyprus,2023,3.9
Cyprus,2024,2.3
Czechia,2013,1.4
Czechia,2014,0.4
Czechia,2015,0.3
Czechia,2016,0.6
Czechia,2017,2.4
Czechia,2018,2
Czechia,2019,2.6
Czechia,2020,3.3
Czechia,2021,3.3
Czechia,2022,14.8
Czechia,2023,12
Czechia,2024,2.7
Germany,2013,1.6
Germany,2014,0.8
Germany,2015,0.7
Germany,2016,0.4
Germany,2017,1.7
Germany,2018,1.9
Germany,2019,1.4
Germany,2020,0.4
Germany,2021,3.2
Germany,2022,8.7
Germany,2023,6
Germany,2024,2.5
Denmark,2013,0.5
Denmark,2014,0.4
Denmark,2015,0.2
Denmark,2016,0
Denmark,2017,1.1
Denmark,2018,0.7
Denmark,2019,0.7
Denmark,2020,0.3
Denmark,2021,1.9
Denmark,2022,8.5
Denmark,2023,3.4
Denmark,2024,1.3
Euro area - 19 countries  (2015-2022),2013,1.3
Euro area - 19 countries  (2015-2022),2014,0.4
Euro area - 19 countries  (2015-2022),2015,0.2
Euro area - 19 countries  (2015-2022),2016,0.2
Euro area - 19 countries  (2015-2022),2017,1.5
Euro area - 19 countries  (2015-2022),2018,1.8
Euro area - 19 countries  (2015-2022),2019,1.2
Euro area - 19 countries  (2015-2022),2020,0.3
Euro area - 19 countries  (2015-2022),2021,2.6
Euro area - 19 countries  (2015-2022),2022,8.4
Euro area - 19 countries  (2015-2022),2023,5.4
Euro area - 19 countries  (2015-2022),2024,2.4
Euro area – 20 countries (from 2023),2013,1.4
Euro area – 20 countries (from 2023),2014,0.4
Euro area – 20 countries (from 2023),2015,0.2
Euro area – 20 countries (from 2023),2016,0.2
Euro area – 20 countries (from 2023),2017,1.5
Euro area – 20 countries (from 2023),2018,1.8
Euro area – 20 countries (from 2023),2019,1.2
Euro area – 20 countries (from 2023),2020,0.3
Euro area – 20 countries (from 2023),2021,2.6
Euro area – 20 countries (from 2023),2022,8.4
Euro area – 20 countries (from 2023),2023,5.4
Euro area – 20 countries (from 2023),2024,2.4
Estonia,2013,3.2
Estonia,2014,0.5
Estonia,2015,0.1
Estonia,2016,0.8
Estonia,2017,3.7
Estonia,2018,3.4
Estonia,2019,2.3
Estonia,2020,-0.6
Estonia,2021,4.5
Estonia,2022,19.4
Estonia,2023,9.1
Estonia,2024,3.7
Greece,2013,-0.9
Greece,2014,-1.4
Greece,2015,-1.1
Greece,2016,0
Greece,2017,1.1
Greece,2018,0.8
Greece,2019,0.5
Greece,2020,-1.3
Greece,2021,0.6
Greece,2022,9.3
Greece,2023,4.2
Greece,2024,3
Spain,2013,1.5
Spain,2014,-0.2
Spain,2015,-0.6
Spain,2016,-0.3
Spain,2017,2
Spain,2018,1.7
Spain,2019,0.8
Spain,2020,-0.3
Spain,2021,3
Spain,2022,8.3
Spain,2023,3.4
Spain,2024,2.9
European Union - 27 countries (from 2020),2013,1.3
European Union - 27 countries (from 2020),2014,0.4
European Union - 27 countries (from 2020),2015,0.1
European Union - 27 countries (from 2020),2016,0.2
European Union - 27 countries (from 2020),2017,1.6
European Union - 27 countries (from 2020),2018,1.8
European Union - 27 countries (from 2020),2019,1.4
European Union - 27 countries (from 2020),2020,0.7
European Union - 27 countries (from 2020),2021,2.9
European Union - 27 countries (from 2020),2022,9.2
European Union - 27 countries (from 2020),2023,6.4
European Union - 27 countries (from 2020),2024,2.6
Finland,2013,2.2
Finland,2014,1.2
Finland,2015,-0.2
Finland,2016,0.4
Finland,2017,0.8
Finland,2018,1.2
Finland,2019,1.1
Finland,2020,0.4
Finland,2021,2.1
Finland,2022,7.2
Finland,2023,4.3
Finland,2024,1
France,2013,1
France,2014,0.6
France,2015,0.1
France,2016,0.3
France,2017,1.2
France,2018,2.1
France,2019,1.3
France,2020,0.5
France,2021,2.1
France,2022,5.9
France,2023,5.7
France,2024,2.3
Croatia,2013,2.3
Croatia,2014,0.2
Croatia,2015,-0.3
Croatia,2016,-0.6
Croatia,2017,1.3
Croatia,2018,1.6
Croatia,2019,0.8
Croatia,2020,0
Croatia,2021,2.7
Croatia,2022,10.7
Croatia,2023,8.4
Croatia,2024,4
Hungary,2013,1.7
Hungary,2014,0
Hungary,2015,0.1
Hungary,2016,0.4
Hungary,2017,2.4
Hungary,2018,2.9
Hungary,2019,3.4
Hungary,2020,3.4
Hungary,2021,5.2
Hungary,2022,15.3
Hungary,2023,17
Hungary,2024,3.7
Ireland,2013,0.5
Ireland,2014,0.3
Ireland,2015,0
Ireland,2016,-0.2
Ireland,2017,0.3
Ireland,2018,0.7
Ireland,2019,0.9
Ireland,2020,-0.5
Ireland,2021,2.4
Ireland,2022,8.1
Ireland,2023,5.2
Ireland,2024,1.3
Iceland,2013,4.1
Iceland,2014,1
Iceland,2015,0.3
Iceland,2016,0.8
Iceland,2017,-1.7
Iceland,2018,0.7
Iceland,2019,2
Iceland,2020,1.2
Iceland,2021,3.7
Iceland,2022,5.7
Iceland,2023,8
Iceland,2024,4.5
Italy,2013,1.2
Italy,2014,0.2
Italy,2015,0.1
Italy,2016,-0.1
Italy,2017,1.3
Italy,2018,1.2
Italy,2019,0.6
Italy,2020,-0.1
Italy,2021,1.9
Italy,2022,8.7
Italy,2023,5.9
Italy,2024,1.1
Lithuania,2013,1.2
Lithuania,2014,0.2
Lithuania,2015,-0.7
Lithuania,2016,0.7
Lithuania,2017,3.7
Lithuania,2018,2.5
Lithuania,2019,2.2
Lithuania,2020,1.1
Lithuania,2021,4.6
Lithuania,2022,18.9
Lithuania,2023,8.7
Lithuania,2024,0.9
Luxembourg,2013,1.7
Luxembourg,2014,0.7
Luxembourg,2015,0.1
Luxembourg,2016,0
Luxembourg,2017,2.1
Luxembourg,2018,2
Luxembourg,2019,1.6
Luxembourg,2020,0
Luxembourg,2021,3.5
Luxembourg,2022,8.2
Luxembourg,2023,2.9
Luxembourg,2024,2.3
Latvia,2013,0
Latvia,2014,0.7
Latvia,2015,0.2
Latvia,2016,0.1
Latvia,2017,2.9
Latvia,2018,2.6
Latvia,2019,2.7
Latvia,2020,0.1
Latvia,2021,3.2
Latvia,2022,17.2
Latvia,2023,9.1
Latvia,2024,1.3
Montenegro,2016,-0.1
Montenegro,2017,2.7
Montenegro,2018,2.6
Montenegro,2019,0.5
Montenegro,2020,-0.5
Montenegro,2021,2.5
Montenegro,2022,11.9
Montenegro,2023,8.7
Montenegro,2024,3.6
North Macedonia,2013,2.7
North Macedonia,2014,0
North Macedonia,2015,0.1
North Macedonia,2016,0.2
North Macedonia,2017,2.1
North Macedonia,2018,2.3
North Macedonia,2019,0.7
North Macedonia,2020,1.2
North Macedonia,2021,3.4
North Macedonia,2022,14
North Macedonia,2023,9
North Macedonia,2024,4.2
Malta,2013,1
Malta,2014,0.8
Malta,2015,1.2
Malta,2016,0.9
Malta,2017,1.3
Malta,2018,1.7
Malta,2019,1.5
Malta,2020,0.8
Malta,2021,0.7
Malta,2022,6.1
Malta,2023,5.6
Malta,2024,2.4
Netherlands,2013,2.6
Netherlands,2014,0.3
Netherlands,2015,0.2
Netherlands,2016,0.1
Netherlands,2017,1.3
Netherlands,2018,1.6
Netherlands,2019,2.7
Netherlands,2020,1.1
Netherlands,2021,2.8
Netherlands,2022,11.6
Netherlands,2023,4.1
Netherlands,2024,3.2
Norway,2013,2
Norway,2014,1.9
Norway,2015,2
Norway,2016,3.9
Norway,2017,1.9
Norway,2018,3
Norway,2019,2.3
Norway,2020,1.2
Norway,2021,3.9
Norway,2022,6.2
Norway,2023,5.8
Norway,2024,2.8
Poland,2013,0.8
Poland,2014,0.1
Poland,2015,-0.7
Poland,2016,-0.2
Poland,2017,1.6
Poland,2018,1.2
Poland,2019,2.1
Poland,2020,3.7
Poland,2021,5.2
Poland,2022,13.2
Poland,2023,10.9
Poland,2024,3.7
Portugal,2013,0.4
Portugal,2014,-0.2
Portugal,2015,0.5
Portugal,2016,0.6
Portugal,2017,1.6
Portugal,2018,1.2
Portugal,2019,0.3
Portugal,2020,-0.1
Portugal,2021,0.9
Portugal,2022,8.1
Portugal,2023,5.3
Portugal,2024,2.7
Romania,2013,3.2
Romania,2014,1.4
Romania,2015,-0.4
Romania,2016,-1.1
Romania,2017,1.1
Romania,2018,4.1
Romania,2019,3.9
Romania,2020,2.3
Romania,2021,4.1
Romania,2022,12
Romania,2023,9.7
Romania,2024,5.8
Serbia,2013,7.7
Serbia,2014,2.3
Serbia,2015,1.5
Serbia,2016,1.3
Serbia,2017,3.3
Serbia,2018,2
Serbia,2019,1.9
Serbia,2020,1.8
Serbia,2021,4
Serbia,2022,11.7
Serbia,2023,12.1
Serbia,2024,4.8
Sweden,2013,0.4
Sweden,2014,0.2
Sweden,2015,0.7
Sweden,2016,1.1
Sweden,2017,1.9
Sweden,2018,2
Sweden,2019,1.7
Sweden,2020,0.7
Sweden,2021,2.7
Sweden,2022,8.1
Sweden,2023,5.9
Sweden,2024,2
Slovenia,2013,1.9
Slovenia,2014,0.4
Slovenia,2015,-0.8
Slovenia,2016,-0.2
Slovenia,2017,1.6
Slovenia,2018,1.9
Slovenia,2019,1.7
Slovenia,2020,-0.3
Slovenia,2021,2
Slovenia,2022,9.3
Slovenia,2023,7.2
Slovenia,2024,2
Slovakia,2013,1.5
Slovakia,2014,-0.1
Slovakia,2015,-0.3
Slovakia,2016,-0.5
Slovakia,2017,1.4
Slovakia,2018,2.5
Slovakia,2019,2.8
Slovakia,2020,2
Slovakia,2021,2.8
Slovakia,2022,12.1
Slovakia,2023,11
Slovakia,2024,3.2
Türkiye,2013,7.5
Türkiye,2014,8.9
Türkiye,2015,7.7
Türkiye,2016,7.7
Türkiye,2017,11.1
Türkiye,2018,16.3
Türkiye,2019,15.2
Türkiye,2020,12.3
Türkiye,2021,19.6
Türkiye,2022,72.3
Türkiye,2023,54
Türkiye,2024,58.5
United Kingdom,2013,2.6
United Kingdom,2014,1.5
United Kingdom,2015,0
United Kingdom,2016,0.7
United Kingdom,2017,2.7
United Kingdom,2018,2.5
United Kingdom,2019,1.8
United States,2013,1.2
United States,2014,1.3
United States,2015,-0.8
United States,2016,0.6
United States,2017,1.8
United States,2018,2.2
United States,2019,1.4
United States,2020,0.8
United States,2021,5.3
United States,2022,8.7
United States,2023,3
United States,2024,2
Kosovo,2017,1.5
Kosovo,2018,1.1
Kosovo,2019,2.7
Kosovo,2020,0.2
Kosovo,2021,3.4
Kosovo,2022,11.6
Kosovo,2023,4.9
Kosovo,2024,1.6
