country,period,minimum_wage_euro
Albania,2020-S1,213
Albania,2020-S2,209
Albania,2021-S1,243
Albania,2021-S2,245
Albania,2022-S1,248
Albania,2022-S2,269
Albania,2023-S1,298
Albania,2023-S2,376
Albania,2024-S1,385
Albania,2024-S2,399
Albania,2025-S1,408
Albania,2025-S2,408
Belgium,2020-S1,1594
Belgium,2020-S2,1626
Belgium,2021-S1,1626
Belgium,2021-S2,1626
Belgium,2022-S1,1658
Belgium,2022-S2,1842
Belgium,2023-S1,1955
Belgium,2023-S2,1955
Belgium,2024-S1,1994
Belgium,2024-S2,2070
Belgium,2025-S1,2070
Belgium,2025-S2,2112
Bulgaria,2020-S1,312
Bulgaria,2020-S2,312
Bulgaria,2021-S1,332
Bulgaria,2021-S2,332
Bulgaria,2022-S1,332
Bulgaria,2022-S2,363
Bulgaria,2023-S1,399
Bulgaria,2023-S2,399
Bulgaria,2024-S1,477
Bulgaria,2024-S2,477
Bulgaria,2025-S1,551
Bulgaria,2025-S2,551
Cyprus,2020-S1,NA
Cyprus,2020-S2,NA
Cyprus,2021-S1,NA
Cyprus,2021-S2,NA
Cyprus,2022-S1,NA
Cyprus,2022-S2,NA
Cyprus,2023-S1,940
Cyprus,2023-S2,940
Cyprus,2024-S1,1000
Cyprus,2024-S2,1000
Cyprus,2025-S1,1000
Cyprus,2025-S2,1000
Czechia,2020-S1,575
Czechia,2020-S2,546
Czechia,2021-S1,579
Czechia,2021-S2,596
Czechia,2022-S1,652
Czechia,2022-S2,655
Czechia,2023-S1,717
Czechia,2023-S2,729
Czechia,2024-S1,764
Czechia,2024-S2,755
Czechia,2025-S1,826
Czechia,2025-S2,841
Germany,2020-S1,1544
Germany,2020-S2,1544
Germany,2021-S1,1585
Germany,2021-S2,1602
Germany,2022-S1,1634
Germany,2022-S2,1739
Germany,2023-S1,1997
Germany,2023-S2,1997
Germany,2024-S1,2054
Germany,2024-S2,2054
Germany,2025-S1,2161
Germany,2025-S2,2161
Estonia,2020-S1,584
Estonia,2020-S2,584
Estonia,2021-S1,584
Estonia,2021-S2,584
Estonia,2022-S1,654
Estonia,2022-S2,654
Estonia,2023-S1,725
Estonia,2023-S2,725
Estonia,2024-S1,820
Estonia,2024-S2,820
Estonia,2025-S1,886
Estonia,2025-S2,886
Greece,2020-S1,758
Greece,2020-S2,758
Greece,2021-S1,758
Greece,2021-S2,758
Greece,2022-S1,774
Greece,2022-S2,832
Greece,2023-S1,832
Greece,2023-S2,910
Greece,2024-S1,910
Greece,2024-S2,968
Greece,2025-S1,968
Greece,2025-S2,1027
Spain,2020-S1,1108
Spain,2020-S2,1108
Spain,2021-S1,1108
Spain,2021-S2,1108
Spain,2022-S1,1126
Spain,2022-S2,1167
Spain,2023-S1,1167
Spain,2023-S2,1260
Spain,2024-S1,1323
Spain,2024-S2,1323
Spain,2025-S1,1381
Spain,2025-S2,1381
France,2020-S1,1539
France,2020-S2,1539
France,2021-S1,1555
France,2021-S2,1555
France,2022-S1,1603
France,2022-S2,1646
France,2023-S1,1709
France,2023-S2,1747
France,2024-S1,1767
France,2024-S2,1767
France,2025-S1,1802
France,2025-S2,1802
Croatia,2020-S1,546
Croatia,2020-S2,546
Croatia,2021-S1,563
Croatia,2021-S2,567
Croatia,2022-S1,624
Croatia,2022-S2,622
Croatia,2023-S1,700
Croatia,2023-S2,700
Croatia,2024-S1,840
Croatia,2024-S2,840
Croatia,2025-S1,970
Croatia,2025-S2,970
Hungary,2020-S1,487
Hungary,2020-S2,452
Hungary,2021-S1,442
Hungary,2021-S2,476
Hungary,2022-S1,542
Hungary,2022-S2,504
Hungary,2023-S1,579
Hungary,2023-S2,624
Hungary,2024-S1,697
Hungary,2024-S2,675
Hungary,2025-S1,707
Hungary,2025-S2,727
Ireland,2020-S1,1656
Ireland,2020-S2,1707
Ireland,2021-S1,1724
Ireland,2021-S2,1724
Ireland,2022-S1,1775
Ireland,2022-S2,1775
Ireland,2023-S1,1910
Ireland,2023-S2,1910
Ireland,2024-S1,2146
Ireland,2024-S2,2146
Ireland,2025-S1,2282
Ireland,2025-S2,2282
Lithuania,2020-S1,607
Lithuania,2020-S2,607
Lithuania,2021-S1,642
Lithuania,2021-S2,642
Lithuania,2022-S1,730
Lithuania,2022-S2,730
Lithuania,2023-S1,840
Lithuania,2023-S2,840
Lithuania,2024-S1,924
Lithuania,2024-S2,924
Lithuania,2025-S1,1038
Lithuania,2025-S2,1038
Luxembourg,2020-S1,2142
Luxembourg,2020-S2,2142
Luxembourg,2021-S1,2202
Luxembourg,2021-S2,2202
Luxembourg,2022-S1,2257
Luxembourg,2022-S2,2313
Luxembourg,2023-S1,2387
Luxembourg,2023-S2,2508
Luxembourg,2024-S1,2571
Luxembourg,2024-S2,2571
Luxembourg,2025-S1,2638
Luxembourg,2025-S2,2704
Latvia,2020-S1,430
Latvia,2020-S2,430
Latvia,2021-S1,500
Latvia,2021-S2,500
Latvia,2022-S1,500
Latvia,2022-S2,500
Latvia,2023-S1,620
Latvia,2023-S2,620
Latvia,2024-S1,700
Latvia,2024-S2,700
Latvia,2025-S1,740
Latvia,2025-S2,740
Moldova,2020-S1,52
Moldova,2020-S2,51
Moldova,2021-S1,47
Moldova,2021-S2,47
Moldova,2022-S1,50
Moldova,2022-S2,50
Moldova,2023-S1,196
Moldova,2023-S2,200
Moldova,2024-S1,258
Moldova,2024-S2,261
Moldova,2025-S1,285
Moldova,2025-S2,285
Montenegro,2020-S1,331
Montenegro,2020-S2,331
Montenegro,2021-S1,331
Montenegro,2021-S2,331
Montenegro,2022-S1,533
Montenegro,2022-S2,533
Montenegro,2023-S1,533
Montenegro,2023-S2,533
Montenegro,2024-S1,533
Montenegro,2024-S2,533
Montenegro,2025-S1,670
Montenegro,2025-S2,670
North Macedonia,2020-S1,342
North Macedonia,2020-S2,342
North Macedonia,2021-S1,353
North Macedonia,2021-S2,359
North Macedonia,2022-S1,359
North Macedonia,2022-S2,430
North Macedonia,2023-S1,429
North Macedonia,2023-S2,484
North Macedonia,2024-S1,483
North Macedonia,2024-S2,542
North Macedonia,2025-S1,541
North Macedonia,2025-S2,584
Malta,2020-S1,777
Malta,2020-S2,777
Malta,2021-S1,785
Malta,2021-S2,785
Malta,2022-S1,792
Malta,2022-S2,792
Malta,2023-S1,835
Malta,2023-S2,835
Malta,2024-S1,925
Malta,2024-S2,925
Malta,2025-S1,961
Malta,2025-S2,961
Netherlands,2020-S1,1654
Netherlands,2020-S2,1680
Netherlands,2021-S1,1685
Netherlands,2021-S2,1701
Netherlands,2022-S1,1725
Netherlands,2022-S2,1756
Netherlands,2023-S1,1934
Netherlands,2023-S2,1995
Netherlands,2024-S1,2070
Netherlands,2024-S2,2134
Netherlands,2025-S1,2193
Netherlands,2025-S2,2246
Poland,2020-S1,611
Poland,2020-S2,583
Poland,2021-S1,614
Poland,2021-S2,619
Poland,2022-S1,655
Poland,2022-S2,642
Poland,2023-S1,746
Poland,2023-S2,811
Poland,2024-S1,978
Poland,2024-S2,998
Poland,2025-S1,1091
Poland,2025-S2,1100
Portugal,2020-S1,741
Portugal,2020-S2,741
Portugal,2021-S1,776
Portugal,2021-S2,776
Portugal,2022-S1,823
Portugal,2022-S2,823
Portugal,2023-S1,887
Portugal,2023-S2,887
Portugal,2024-S1,957
Portugal,2024-S2,957
Portugal,2025-S1,1015
Portugal,2025-S2,1015
Romania,2020-S1,466
Romania,2020-S2,461
Romania,2021-S1,458
Romania,2021-S2,467
Romania,2022-S1,515
Romania,2022-S2,516
Romania,2023-S1,606
Romania,2023-S2,604
Romania,2024-S1,663
Romania,2024-S2,743
Romania,2025-S1,814
Romania,2025-S2,797
Serbia,2020-S1,344
Serbia,2020-S2,344
Serbia,2021-S1,366
Serbia,2021-S2,366
Serbia,2022-S1,401
Serbia,2022-S2,402
Serbia,2023-S1,460
Serbia,2023-S2,461
Serbia,2024-S1,544
Serbia,2024-S2,544
Serbia,2025-S1,619
Serbia,2025-S2,618
Slovenia,2020-S1,941
Slovenia,2020-S2,941
Slovenia,2021-S1,1024
Slovenia,2021-S2,1024
Slovenia,2022-S1,1074
Slovenia,2022-S2,1074
Slovenia,2023-S1,1203
Slovenia,2023-S2,1203
Slovenia,2024-S1,1254
Slovenia,2024-S2,1254
Slovenia,2025-S1,1278
Slovenia,2025-S2,1278
Slovakia,2020-S1,580
Slovakia,2020-S2,580
Slovakia,2021-S1,623
Slovakia,2021-S2,623
Slovakia,2022-S1,646
Slovakia,2022-S2,646
Slovakia,2023-S1,700
Slovakia,2023-S2,700
Slovakia,2024-S1,750
Slovakia,2024-S2,750
Slovakia,2025-S1,816
Slovakia,2025-S2,816
Türkiye,2020-S1,440
Türkiye,2020-S2,383
Türkiye,2021-S1,393
Türkiye,2021-S2,347
Türkiye,2022-S1,328
Türkiye,2022-S2,374
Türkiye,2023-S1,501
Türkiye,2023-S2,474
Türkiye,2024-S1,613
Türkiye,2024-S2,568
Türkiye,2025-S1,708
Türkiye,2025-S2,558
Ukraine,2020-S1,183
Ukraine,2020-S2,158
Ukraine,2021-S1,173
Ukraine,2021-S2,186
Ukraine,2022-S1,210
Ukraine,2022-S2,211
Ukraine,2023-S1,172
Ukraine,2023-S2,168
Ukraine,2024-S1,168
Ukraine,2024-S2,185
Ukraine,2025-S1,182
Ukraine,2025-S2,164
United Kingdom,2020-S1,1599
United Kingdom,2020-S2,1583
United States,2020-S1,1119
United States,2020-S2,1122
United States,2021-S1,1024
United States,2021-S2,1057
United States,2022-S1,1110
United States,2022-S2,1210
United States,2023-S1,1178
United States,2023-S2,1157
United States,2024-S1,1137
United States,2024-S2,1174
United States,2025-S1,1210
United States,2025-S2,1072
