country,period,unemployment_rate
Austria,2013,5.7
Austria,2014,6
Austria,2015,6.1
Austria,2016,6.5
Austria,2017,5.9
Austria,2018,5.2
Austria,2019,4.8
Austria,2020,6
Austria,2021,6.2
Austria,2022,4.8
Austria,2023,5.1
Austria,2024,5.2
Bosnia and Herzegovina,2021,17.4
Bosnia and Herzegovina,2022,15.4
Bosnia and Herzegovina,2023,13.2
Bosnia and Herzegovina,2024,12.6
Belgium,2013,8.6
Belgium,2014,8.7
Belgium,2015,8.7
Belgium,2016,7.9
Belgium,2017,7.2
Belgium,2018,6
Belgium,2019,5.5
Belgium,2020,5.8
Belgium,2021,6.3
Belgium,2022,5.6
Belgium,2023,5.5
Belgium,2024,5.7
Bulgaria,2013,13.9
Bulgaria,2014,12.4
Bulgaria,2015,10.1
Bulgaria,2016,8.6
Bulgaria,2017,7.2
Bulgaria,2018,6.2
Bulgaria,2019,5.2
Bulgaria,2020,6.1
Bulgaria,2021,5.2
Bulgaria,2022,4.2
Bulgaria,2023,4.3
Bulgaria,2024,4.2
Switzerland,2013,4.8
Switzerland,2014,4.9
Switzerland,2015,4.8
Switzerland,2016,5
Switzerland,2017,4.8
Switzerland,2018,4.7
Switzerland,2019,4.4
Switzerland,2020,4.8
Switzerland,2021,5.1
Switzerland,2022,4.1
Switzerland,2023,4.1
Switzerland,2024,4.4
Cyprus,2013,15.9
Cyprus,2014,16.1
Cyprus,2015,15
Cyprus,2016,13
Cyprus,2017,11.1
Cyprus,2018,8.4
Cyprus,2019,7.2
Cyprus,2020,7.6
Cyprus,2021,7.2
Cyprus,2022,6.3
Cyprus,2023,5.8
Cyprus,2024,4.9
Czechia,2013,7
Czechia,2014,6.1
Czechia,2015,5.1
Czechia,2016,4
Czechia,2017,2.9
Czechia,2018,2.2
Czechia,2019,2
Czechia,2020,2.6
Czechia,2021,2.8
Czechia,2022,2.2
Czechia,2023,2.6
Czechia,2024,2.6
Germany,2013,4.9
Germany,2014,4.7
Germany,2015,4.4
Germany,2016,3.9
Germany,2017,3.5
Germany,2018,3.2
Germany,2019,2.9
Germany,2020,3.6
Germany,2021,3.6
Germany,2022,3.1
Germany,2023,3.1
Germany,2024,3.4
Denmark,2013,7.4
Denmark,2014,6.9
Denmark,2015,6.3
Denmark,2016,6
Denmark,2017,5.8
Denmark,2018,5.1
Denmark,2019,5
Denmark,2020,5.6
Denmark,2021,5.1
Denmark,2022,4.5
Denmark,2023,5.1
Denmark,2024,6.2
Euro area – 20 countries (from 2023),2013,12.2
Euro area – 20 countries (from 2023),2014,11.7
Euro area – 20 countries (from 2023),2015,11
Euro area – 20 countries (from 2023),2016,10.1
Euro area – 20 countries (from 2023),2017,9.1
Euro area – 20 countries (from 2023),2018,8.2
Euro area – 20 countries (from 2023),2019,7.6
Euro area – 20 countries (from 2023),2020,8
Euro area – 20 countries (from 2023),2021,7.8
Euro area – 20 countries (from 2023),2022,6.8
Euro area – 20 countries (from 2023),2023,6.6
Euro area – 20 countries (from 2023),2024,6.4
Estonia,2013,8.6
Estonia,2014,7.3
Estonia,2015,6.4
Estonia,2016,6.8
Estonia,2017,5.8
Estonia,2018,5.4
Estonia,2019,4.5
Estonia,2020,6.9
Estonia,2021,6.2
Estonia,2022,5.6
Estonia,2023,6.4
Estonia,2024,7.6
Greece,2013,27.8
Greece,2014,26.6
Greece,2015,25
Greece,2016,23.9
Greece,2017,21.8
Greece,2018,19.7
Greece,2019,17.9
Greece,2020,17.6
Greece,2021,14.7
Greece,2022,12.5
Greece,2023,11.1
Greece,2024,10.1
Spain,2013,26.1
Spain,2014,24.5
Spain,2015,22.1
Spain,2016,19.6
Spain,2017,17.2
Spain,2018,15.3
Spain,2019,14.1
Spain,2020,15.5
Spain,2021,14.9
Spain,2022,13
Spain,2023,12.2
Spain,2024,11.4
European Union - 27 countries (from 2020),2013,11.6
European Union - 27 countries (from 2020),2014,11
European Union - 27 countries (from 2020),2015,10.2
European Union - 27 countries (from 2020),2016,9.3
European Union - 27 countries (from 2020),2017,8.3
European Union - 27 countries (from 2020),2018,7.4
European Union - 27 countries (from 2020),2019,6.8
European Union - 27 countries (from 2020),2020,7.2
European Union - 27 countries (from 2020),2021,7.1
European Union - 27 countries (from 2020),2022,6.2
European Union - 27 countries (from 2020),2023,6.1
European Union - 27 countries (from 2020),2024,5.9
Finland,2013,8.3
Finland,2014,8.7
Finland,2015,9.4
Finland,2016,8.9
Finland,2017,8.7
Finland,2018,7.5
Finland,2019,6.8
Finland,2020,7.7
Finland,2021,7.7
Finland,2022,6.8
Finland,2023,7.2
Finland,2024,8.4
France,2013,10.3
France,2014,10.3
France,2015,10.3
France,2016,10.1
France,2017,9.4
France,2018,9
France,2019,8.4
France,2020,8
France,2021,7.9
France,2022,7.3
France,2023,7.3
France,2024,7.4
Croatia,2013,17.3
Croatia,2014,17.3
Croatia,2015,16.2
Croatia,2016,13
Croatia,2017,11.1
Croatia,2018,8.3
Croatia,2019,6.6
Croatia,2020,7.4
Croatia,2021,7.5
Croatia,2022,6.8
Croatia,2023,6.1
Croatia,2024,5
Hungary,2013,9.8
Hungary,2014,7.5
Hungary,2015,6.6
Hungary,2016,5
Hungary,2017,4
Hungary,2018,3.6
Hungary,2019,3.3
Hungary,2020,4.1
Hungary,2021,4
Hungary,2022,3.6
Hungary,2023,4.1
Hungary,2024,4.5
Ireland,2013,13.8
Ireland,2014,11.9
Ireland,2015,9.9
Ireland,2016,8.4
Ireland,2017,6.7
Ireland,2018,5.8
Ireland,2019,5
Ireland,2020,5.9
Ireland,2021,6.2
Ireland,2022,4.5
Ireland,2023,4.3
Ireland,2024,4.3
Iceland,2013,5.4
Iceland,2014,4.9
Iceland,2015,4
Iceland,2016,3
Iceland,2017,2.7
Iceland,2018,2.7
Iceland,2019,3.5
Iceland,2020,5.5
Iceland,2021,6.1
Iceland,2022,3.8
Iceland,2023,3.5
Iceland,2024,3.6
Italy,2013,12.4
Italy,2014,12.9
Italy,2015,12
Italy,2016,11.7
Italy,2017,11.3
Italy,2018,10.6
Italy,2019,9.9
Italy,2020,9.3
Italy,2021,9.5
Italy,2022,8.1
Italy,2023,7.7
Italy,2024,6.5
Lithuania,2013,11.8
Lithuania,2014,10.7
Lithuania,2015,9.1
Lithuania,2016,7.9
Lithuania,2017,7.1
Lithuania,2018,6.2
Lithuania,2019,6.3
Lithuania,2020,8.5
Lithuania,2021,7.1
Lithuania,2022,6
Lithuania,2023,6.9
Lithuania,2024,7.1
Luxembourg,2013,5.9
Luxembourg,2014,5.9
Luxembourg,2015,6.7
Luxembourg,2016,6.3
Luxembourg,2017,5.5
Luxembourg,2018,5.6
Luxembourg,2019,5.6
Luxembourg,2020,6.8
Luxembourg,2021,5.3
Luxembourg,2022,4.6
Luxembourg,2023,5.2
Luxembourg,2024,6.4
Latvia,2013,11.9
Latvia,2014,10.9
Latvia,2015,9.9
Latvia,2016,9.7
Latvia,2017,8.7
Latvia,2018,7.4
Latvia,2019,6.3
Latvia,2020,8.1
Latvia,2021,7.6
Latvia,2022,6.9
Latvia,2023,6.5
Latvia,2024,6.9
Montenegro,2013,19.5
Montenegro,2014,18
Montenegro,2015,17.6
Montenegro,2016,17.8
Montenegro,2017,16.1
Montenegro,2018,15.2
Montenegro,2019,15.2
Montenegro,2020,17.9
North Macedonia,2013,29
North Macedonia,2014,28
North Macedonia,2015,26.1
North Macedonia,2016,23.7
North Macedonia,2017,22.4
North Macedonia,2018,20.8
North Macedonia,2019,17.3
North Macedonia,2020,16.4
North Macedonia,2021,15.5
North Macedonia,2022,14.4
North Macedonia,2023,13.1
North Macedonia,2024,12.3
Malta,2013,6.1
Malta,2014,5.7
Malta,2015,5.4
Malta,2016,4.7
Malta,2017,4
Malta,2018,4
Malta,2019,4.1
Malta,2020,4.9
Malta,2021,3.8
Malta,2022,3.5
Malta,2023,3.5
Malta,2024,3.2
Netherlands,2013,8.2
Netherlands,2014,8.4
Netherlands,2015,7.9
Netherlands,2016,7
Netherlands,2017,5.9
Netherlands,2018,4.9
Netherlands,2019,4.4
Netherlands,2020,4.9
Netherlands,2021,4.2
Netherlands,2022,3.5
Netherlands,2023,3.6
Netherlands,2024,3.7
Norway,2013,3.9
Norway,2014,3.8
Norway,2015,4.7
Norway,2016,4.9
Norway,2017,4.4
Norway,2018,4
Norway,2019,3.9
Norway,2020,4.7
Norway,2021,4.4
Norway,2022,3.2
Norway,2023,3.6
Norway,2024,4
Poland,2013,10.6
Poland,2014,9.2
Poland,2015,7.7
Poland,2016,6.3
Poland,2017,5
Poland,2018,3.9
Poland,2019,3.3
Poland,2020,3.2
Poland,2021,3.4
Poland,2022,2.9
Poland,2023,2.8
Poland,2024,2.9
Portugal,2013,17.2
Portugal,2014,14.6
Portugal,2015,13
Portugal,2016,11.5
Portugal,2017,9.2
Portugal,2018,7.2
Portugal,2019,6.6
Portugal,2020,7.1
Portugal,2021,6.7
Portugal,2022,6.2
Portugal,2023,6.5
Portugal,2024,6.5
Romania,2013,9
Romania,2014,8.6
Romania,2015,8.4
Romania,2016,7.2
Romania,2017,6.1
Romania,2018,5.3
Romania,2019,4.9
Romania,2020,6.1
Romania,2021,5.6
Romania,2022,5.6
Romania,2023,5.6
Romania,2024,5.4
Serbia,2013,24.2
Serbia,2014,20.7
Serbia,2015,19
Serbia,2016,16.5
Serbia,2017,14.6
Serbia,2018,13.8
Serbia,2019,11.3
Serbia,2020,9.8
Serbia,2021,11.2
Serbia,2022,9.6
Serbia,2023,9.5
Serbia,2024,8.6
Sweden,2013,8.1
Sweden,2014,8
Sweden,2015,7.5
Sweden,2016,7.1
Sweden,2017,6.8
Sweden,2018,6.5
Sweden,2019,6.9
Sweden,2020,8.5
Sweden,2021,8.9
Sweden,2022,7.5
Sweden,2023,7.7
Sweden,2024,8.4
Slovenia,2013,10.1
Slovenia,2014,9.7
Slovenia,2015,9
Slovenia,2016,8
Slovenia,2017,6.6
Slovenia,2018,5.1
Slovenia,2019,4.4
Slovenia,2020,5
Slovenia,2021,4.8
Slovenia,2022,4
Slovenia,2023,3.7
Slovenia,2024,3.7
Slovakia,2013,14.1
Slovakia,2014,13.1
Slovakia,2015,11.5
Slovakia,2016,9.6
Slovakia,2017,8.1
Slovakia,2018,6.5
Slovakia,2019,5.7
Slovakia,2020,6.7
Slovakia,2021,6.8
Slovakia,2022,6.1
Slovakia,2023,5.8
Slovakia,2024,5.3
Türkiye,2013,8.8
Türkiye,2014,9.9
Türkiye,2015,10.3
Türkiye,2016,10.9
Türkiye,2017,10.9
Türkiye,2018,10.9
Türkiye,2019,13.7
Türkiye,2020,13.2
Türkiye,2021,12
Türkiye,2022,10.5
Türkiye,2023,9.4
Türkiye,2024,8.8
