STRUCTURE,STRUCTURE_ID,STRUCTURE_NAME,freq,Time frequency,indic_ppp,Purchasing power parities indicator,ppp_cat18,Analytical categories for purchasing power parities (PPPs) calculation (based on COICOP18),geo,Geopolitical entity (reporting),TIME_PERIOD,Time,OBS_VALUE,Observation value,OBS_FLAG,Observation status (Flag) V2 structure,CONF_STATUS,Confidentiality status (flag)
dataflow,ESTAT:TEC00114(1.0),GDP per capita in PPS,A,Annual,VI_PPS_EU27_2020_HAB,Volume indices of real expenditure per capita (in PPS_EU27_2020=100),GDP,Gross domestic product,AL,Albania,2013,,29,,,,,
dataflow,ESTAT:TEC00114(1.0),GDP per capita in PPS,A,Annual,VI_PPS_EU27_2020_HAB,Volume indices of real expenditure per capita (in PPS_EU27_2020=100),GDP,Gross domestic product,AL,Albania,2014,,30,,,,,
dataflow,ESTAT:TEC00114(1.0),GDP per capita in PPS,A,Annual,VI_PPS_EU27_2020_HAB,Volume indices of real expenditure per capita (in PPS_EU27_2020=100),GDP,Gross domestic product,AL,Albania,2015,,30,,,,,
dataflow,ESTAT:TEC00114(1.0),GDP per capita in PPS,A,Annual,VI_PPS_EU27_2020_HAB,Volume indices of real expenditure per capita (in PPS_EU27_2020=100),GDP,Gross domestic product,AL,Albania,2016,,30,,,,,
dataflow,ESTAT:TEC00114(1.0),GDP per capita in PPS,A,Annual,VI_PPS_EU27_2020_HAB,Volume indices of real expenditure per capita (in PPS_EU27_2020=100),GDP,Gross domestic product,AL,Albania,2017,,30,,,,,
dataflow,ESTAT:TEC00114(1.0),GDP per capita in PPS,A,Annual,VI_PPS_EU27_2020_HAB,Volume indices of real expenditure per capita (in PPS_EU27_2020=100),GDP,Gross domestic product,AL,Albania,2018,,30,,,,,
dataflow,ESTAT:TEC00114(1.0),GDP per capita in PPS,A,Annual,VI_PPS_EU27_2020_HAB,Volume indices of real expenditure per capita (in PPS_EU27_2020=100),GDP,Gross domestic product,AL,Albania,2019,,30,,,,,
dataflow,ESTAT:TEC00114(1.0),GDP per capita in PPS,A,Annual,VI_PPS_EU27_2020_HAB,Volume indices of real expenditure per capita (in PPS_EU27_2020=100),GDP,Gross domestic product,AL,Albania,2020,,30,,,,,
dataflow,ESTAT:TEC00114(1.0),GDP per capita in PPS,A,Annual,VI_PPS_EU27_2020_HAB,Volume indices of real expenditure per capita (in PPS_EU27_2020=100),GDP,Gross domestic product,AL,Albania,2021,,31,,,,,
dataflow,ESTAT:TEC00114(1.0),GDP per capita in PPS,A,Annual,VI_PPS_EU27_2020_HAB,Volume indices of real expenditure per capita (in PPS_EU27_2020=100),GDP,Gross domestic product,AL,Albania,2022,,33,,,,,
dataflow,ESTAT:TEC00114(1.0),GDP per capita in PPS,A,Annual,VI_PPS_EU27_2020_HAB,Volume indices of real expenditure per capita (in PPS_EU27_2020=100),GDP,Gross domestic product,AL,Albania,2023,,38,,,,,
dataflow,ESTAT:TEC00114(1.0),GDP per capita in PPS,A,Annual,VI_PPS_EU27_2020_HAB,Volume indices of real expenditure per capita (in PPS_EU27_2020=100),GDP,Gross domestic product,AL,Albania,2024,,42,,p,provisional,,
dataflow,ESTAT:TEC00114(1.0),GDP per capita in PPS,A,Annual,VI_PPS_EU27_2020_HAB,Volume indices of real expenditure per capita (in PPS_EU27_2020=100),GDP,Gross domestic product,AT,Austria,2013,,131,,,,,
dataflow,ESTAT:TEC00114(1.0),GDP per capita in PPS,A,Annual,VI_PPS_EU27_2020_HAB,Volume indices of real expenditure per capita (in PPS_EU27_2020=100),GDP,Gross domestic product,AT,Austria,2014,,129,,,,,
dataflow,ESTAT:TEC00114(1.0),GDP per capita in PPS,A,Annual,VI_PPS_EU27_2020_HAB,Volume indices of real expenditure per capita (in PPS_EU27_2020=100),GDP,Gross domestic product,AT,Austria,2015,,128,,,,,
dataflow,ESTAT:TEC00114(1.0),GDP per capita in PPS,A,Annual,VI_PPS_EU27_2020_HAB,Volume indices of real expenditure per capita (in PPS_EU27_2020=100),GDP,Gross domestic product,AT,Austria,2016,,128,,,,,
dataflow,ESTAT:TEC00114(1.0),GDP per capita in PPS,A,Annual,VI_PPS_EU27_2020_HAB,Volume indices of real expenditure per capita (in PPS_EU27_2020=100),GDP,Gross domestic product,AT,Austria,2017,,125,,,,,
dataflow,ESTAT:TEC00114(1.0),GDP per capita in PPS,A,Annual,VI_PPS_EU27_2020_HAB,Volume indices of real expenditure per capita (in PPS_EU27_2020=100),GDP,Gross domestic product,AT,Austria,2018,,126,,,,,
dataflow,ESTAT:TEC00114(1.0),GDP per capita in PPS,A,Annual,VI_PPS_EU27_2020_HAB,Volume indices of real expenditure per capita (in PPS_EU27_2020=100),GDP,Gross domestic product,AT,Austria,2019,,124,,,,,
dataflow,ESTAT:TEC00114(1.0),GDP per capita in PPS,A,Annual,VI_PPS_EU27_2020_HAB,Volume indices of real expenditure per capita (in PPS_EU27_2020=100),GDP,Gross domestic product,AT,Austria,2020,,123,,,,,
dataflow,ESTAT:TEC00114(1.0),GDP per capita in PPS,A,Annual,VI_PPS_EU27_2020_HAB,Volume indices of real expenditure per capita (in PPS_EU27_2020=100),GDP,Gross domestic product,AT,Austria,2021,,121,,,,,
dataflow,ESTAT:TEC00114(1.0),GDP per capita in PPS,A,Annual,VI_PPS_EU27_2020_HAB,Volume indices of real expenditure per capita (in PPS_EU27_2020=100),GDP,Gross domestic product,AT,Austria,2022,,123,,,,,
dataflow,ESTAT:TEC00114(1.0),GDP per capita in PPS,A,Annual,VI_PPS_EU27_2020_HAB,Volume indices of real expenditure per capita (in PPS_EU27_2020=100),GDP,Gross domestic product,AT,Austria,2023,,121,,,,,
dataflow,ESTAT:TEC00114(1.0),GDP per capita in PPS,A,Annual,VI_PPS_EU27_2020_HAB,Volume indices of real expenditure per capita (in PPS_EU27_2020=100),GDP,Gross domestic product,AT,Austria,2024,,119,,,,,
dataflow,ESTAT:TEC00114(1.0),GDP per capita in PPS,A,Annual,VI_PPS_EU27_2020_HAB,Volume indices of real expenditure per capita (in PPS_EU27_2020=100),GDP,Gross domestic product,BA,Bosnia and Herzegovina,2013,,30,,,,,
dataflow,ESTAT:TEC00114(1.0),GDP per capita in PPS,A,Annual,VI_PPS_EU27_2020_HAB,Volume indices of real expenditure per capita (in PPS_EU27_2020=100),GDP,Gross domestic product,BA,Bosnia and Herzegovina,2014,,30,,,,,
dataflow,ESTAT:TEC00114(1.0),GDP per capita in PPS,A,Annual,VI_PPS_EU27_2020_HAB,Volume indices of real expenditure per capita (in PPS_EU27_2020=100),GDP,Gross domestic product,BA,Bosnia and Herzegovina,2015,,31,,,,,
dataflow,ESTAT:TEC00114(1.0),GDP per capita in PPS,A,Annual,VI_PPS_EU27_2020_HAB,Volume indices of real expenditure per capita (in PPS_EU27_2020=100),GDP,Gross domestic product,BA,Bosnia and Herzegovina,2016,,31,,,,,
dataflow,ESTAT:TEC00114(1.0),GDP per capita in PPS,A,Annual,VI_PPS_EU27_2020_HAB,Volume indices of real expenditure per capita (in PPS_EU27_2020=100),GDP,Gross domestic product,BA,Bosnia and Herzegovina,2017,,31,,,,,
dataflow,ESTAT:TEC00114(1.0),GDP per capita in PPS,A,Annual,VI_PPS_EU27_2020_HAB,Volume indices of real expenditure per capita (in PPS_EU27_2020=100),GDP,Gross domestic product,BA,Bosnia and Herzegovina,2018,,32,,,,,
dataflow,ESTAT:TEC00114(1.0),GDP per capita in PPS,A,Annual,VI_PPS_EU27_2020_HAB,Volume indices of real expenditure per capita (in PPS_EU27_2020=100),GDP,Gross domestic product,BA,Bosnia and Herzegovina,2019,,32,,,,,
dataflow,ESTAT:TEC00114(1.0),GDP per capita in PPS,A,Annual,VI_PPS_EU27_2020_HAB,Volume indices of real expenditure per capita (in PPS_EU27_2020=100),GDP,Gross domestic product,BA,Bosnia and Herzegovina,2020,,33,,,,,
dataflow,ESTAT:TEC00114(1.0),GDP per capita in PPS,A,Annual,VI_PPS_EU27_2020_HAB,Volume indices of real expenditure per capita (in PPS_EU27_2020=100),GDP,Gross domestic product,BA,Bosnia and Herzegovina,2021,,33,,,,,
dataflow,ESTAT:TEC00114(1.0),GDP per capita in PPS,A,Annual,VI_PPS_EU27_2020_HAB,Volume indices of real expenditure per capita (in PPS_EU27_2020=100),GDP,Gross domestic product,BA,Bosnia and Herzegovina,2022,,34,,,,,
dataflow,ESTAT:TEC00114(1.0),GDP per capita in PPS,A,Annual,VI_PPS_EU27_2020_HAB,Volume indices of real expenditure per capita (in PPS_EU27_2020=100),GDP,Gross domestic product,BA,Bosnia and Herzegovina,2023,,35,,,,,
dataflow,ESTAT:TEC00114(1.0),GDP per capita in PPS,A,Annual,VI_PPS_EU27_2020_HAB,Volume indices of real expenditure per capita (in PPS_EU27_2020=100),GDP,Gross domestic product,BA,Bosnia and Herzegovina,2024,,35,,,,,
dataflow,ESTAT:TEC00114(1.0),GDP per capita in PPS,A,Annual,VI_PPS_EU27_2020_HAB,Volume indices of real expenditure per capita (in PPS_EU27_2020=100),GDP,Gross domestic product,BE,Belgium,2013,,121,,,,,
dataflow,ESTAT:TEC00114(1.0),GDP per capita in PPS,A,Annual,VI_PPS_EU27_2020_HAB,Volume indices of real expenditure per capita (in PPS_EU27_2020=100),GDP,Gross domestic product,BE,Belgium,2014,,121,,,,,
dataflow,ESTAT:TEC00114(1.0),GDP per capita in PPS,A,Annual,VI_PPS_EU27_2020_HAB,Volume indices of real expenditure per capita (in PPS_EU27_2020=100),GDP,Gross domestic product,BE,Belgium,2015,,119,,,,,
dataflow,ESTAT:TEC00114(1.0),GDP per capita in PPS,A,Annual,VI_PPS_EU27_2020_HAB,Volume indices of real expenditure per capita (in PPS_EU27_2020=100),GDP,Gross domestic product,BE,Belgium,2016,,118,,,,,
dataflow,ESTAT:TEC00114(1.0),GDP per capita in PPS,A,Annual,VI_PPS_EU27_2020_HAB,Volume indices of real expenditure per capita (in PPS_EU27_2020=100),GDP,Gross domestic product,BE,Belgium,2017,,117,,,,,
dataflow,ESTAT:TEC00114(1.0),GDP per capita in PPS,A,Annual,VI_PPS_EU27_2020_HAB,Volume indices of real expenditure per capita (in PPS_EU27_2020=100),GDP,Gross domestic product,BE,Belgium,2018,,116,,,,,
dataflow,ESTAT:TEC00114(1.0),GDP per capita in PPS,A,Annual,VI_PPS_EU27_2020_HAB,Volume indices of real expenditure per capita (in PPS_EU27_2020=100),GDP,Gross domestic product,BE,Belgium,2019,,117,,,,,
dataflow,ESTAT:TEC00114(1.0),GDP per capita in PPS,A,Annual,VI_PPS_EU27_2020_HAB,Volume indices of real expenditure per capita (in PPS_EU27_2020=100),GDP,Gross domestic product,BE,Belgium,2020,,118,,,,,
dataflow,ESTAT:TEC00114(1.0),GDP per capita in PPS,A,Annual,VI_PPS_EU27_2020_HAB,Volume indices of real expenditure per capita (in PPS_EU27_2020=100),GDP,Gross domestic product,BE,Belgium,2021,,117,,,,,
dataflow,ESTAT:TEC00114(1.0),GDP per capita in PPS,A,Annual,VI_PPS_EU27_2020_HAB,Volume indices of real expenditure per capita (in PPS_EU27_2020=100),GDP,Gross domestic product,BE,Belgium,2022,,118,,,,,
dataflow,ESTAT:TEC00114(1.0),GDP per capita in PPS,A,Annual,VI_PPS_EU27_2020_HAB,Volume indices of real expenditure per capita (in PPS_EU27_2020=100),GDP,Gross domestic product,BE,Belgium,2023,,118,,,,,
dataflow,ESTAT:TEC00114(1.0),GDP per capita in PPS,A,Annual,VI_PPS_EU27_2020_HAB,Volume indices of real expenditure per capita (in PPS_EU27_2020=100),GDP,Gross domestic product,BE,Belgium,2024,,117,,p,provisional,,
dataflow,ESTAT:TEC00114(1.0),GDP per capita in PPS,A,Annual,VI_PPS_EU27_2020_HAB,Volume indices of real expenditure per capita (in PPS_EU27_2020=100),GDP,Gross domestic product,BG,Bulgaria,2013,,46,,,,,
dataflow,ESTAT:TEC00114(1.0),GDP per capita in PPS,A,Annual,VI_PPS_EU27_2020_HAB,Volume indices of real expenditure per capita (in PPS_EU27_2020=100),GDP,Gross domestic product,BG,Bulgaria,2014,,48,,,,,
dataflow,ESTAT:TEC00114(1.0),GDP per capita in PPS,A,Annual,VI_PPS_EU27_2020_HAB,Volume indices of real expenditure per capita (in PPS_EU27_2020=100),GDP,Gross domestic product,BG,Bulgaria,2015,,49,,,,,
dataflow,ESTAT:TEC00114(1.0),GDP per capita in PPS,A,Annual,VI_PPS_EU27_2020_HAB,Volume indices of real expenditure per capita (in PPS_EU27_2020=100),GDP,Gross domestic product,BG,Bulgaria,2016,,51,,,,,
dataflow,ESTAT:TEC00114(1.0),GDP per capita in PPS,A,Annual,VI_PPS_EU27_2020_HAB,Volume indices of real expenditure per capita (in PPS_EU27_2020=100),GDP,Gross domestic product,BG,Bulgaria,2017,,52,,,,,
dataflow,ESTAT:TEC00114(1.0),GDP per capita in PPS,A,Annual,VI_PPS_EU27_2020_HAB,Volume indices of real expenditure per capita (in PPS_EU27_2020=100),GDP,Gross domestic product,BG,Bulgaria,2018,,53,,,,,
dataflow,ESTAT:TEC00114(1.0),GDP per capita in PPS,A,Annual,VI_PPS_EU27_2020_HAB,Volume indices of real expenditure per capita (in PPS_EU27_2020=100),GDP,Gross domestic product,BG,Bulgaria,2019,,55,,,,,
dataflow,ESTAT:TEC00114(1.0),GDP per capita in PPS,A,Annual,VI_PPS_EU27_2020_HAB,Volume indices of real expenditure per capita (in PPS_EU27_2020=100),GDP,Gross domestic product,BG,Bulgaria,2020,,57,,,,,
dataflow,ESTAT:TEC00114(1.0),GDP per capita in PPS,A,Annual,VI_PPS_EU27_2020_HAB,Volume indices of real expenditure per capita (in PPS_EU27_2020=100),GDP,Gross domestic product,BG,Bulgaria,2021,,60,,,,,
dataflow,ESTAT:TEC00114(1.0),GDP per capita in PPS,A,Annual,VI_PPS_EU27_2020_HAB,Volume indices of real expenditure per capita (in PPS_EU27_2020=100),GDP,Gross domestic product,BG,Bulgaria,2022,,62,,,,,
dataflow,ESTAT:TEC00114(1.0),GDP per capita in PPS,A,Annual,VI_PPS_EU27_2020_HAB,Volume indices of real expenditure per capita (in PPS_EU27_2020=100),GDP,Gross domestic product,BG,Bulgaria,2023,,63,,,,,
dataflow,ESTAT:TEC00114(1.0),GDP per capita in PPS,A,Annual,VI_PPS_EU27_2020_HAB,Volume indices of real expenditure per capita (in PPS_EU27_2020=100),GDP,Gross domestic product,BG,Bulgaria,2024,,66,,,,,
dataflow,ESTAT:TEC00114(1.0),GDP per capita in PPS,A,Annual,VI_PPS_EU27_2020_HAB,Volume indices of real expenditure per capita (in PPS_EU27_2020=100),GDP,Gross domestic product,CH,Switzerland,2013,,173,,,,,
dataflow,ESTAT:TEC00114(1.0),GDP per capita in PPS,A,Annual,VI_PPS_EU27_2020_HAB,Volume indices of real expenditure per capita (in PPS_EU27_2020=100),GDP,Gross domestic product,CH,Switzerland,2014,,173,,,,,
dataflow,ESTAT:TEC00114(1.0),GDP per capita in PPS,A,Annual,VI_PPS_EU27_2020_HAB,Volume indices of real expenditure per capita (in PPS_EU27_2020=100),GDP,Gross domestic product,CH,Switzerland,2015,,172,,,,,
dataflow,ESTAT:TEC00114(1.0),GDP per capita in PPS,A,Annual,VI_PPS_EU27_2020_HAB,Volume indices of real expenditure per capita (in PPS_EU27_2020=100),GDP,Gross domestic product,CH,Switzerland,2016,,167,,,,,
dataflow,ESTAT:TEC00114(1.0),GDP per capita in PPS,A,Annual,VI_PPS_EU27_2020_HAB,Volume indices of real expenditure per capita (in PPS_EU27_2020=100),GDP,Gross domestic product,CH,Switzerland,2017,,161,,,,,
dataflow,ESTAT:TEC00114(1.0),GDP per capita in PPS,A,Annual,VI_PPS_EU27_2020_HAB,Volume indices of real expenditure per capita (in PPS_EU27_2020=100),GDP,Gross domestic product,CH,Switzerland,2018,,160,,,,,
dataflow,ESTAT:TEC00114(1.0),GDP per capita in PPS,A,Annual,VI_PPS_EU27_2020_HAB,Volume indices of real expenditure per capita (in PPS_EU27_2020=100),GDP,Gross domestic product,CH,Switzerland,2019,,155,,,,,
dataflow,ESTAT:TEC00114(1.0),GDP per capita in PPS,A,Annual,VI_PPS_EU27_2020_HAB,Volume indices of real expenditure per capita (in PPS_EU27_2020=100),GDP,Gross domestic product,CH,Switzerland,2020,,156,,,,,
dataflow,ESTAT:TEC00114(1.0),GDP per capita in PPS,A,Annual,VI_PPS_EU27_2020_HAB,Volume indices of real expenditure per capita (in PPS_EU27_2020=100),GDP,Gross domestic product,CH,Switzerland,2021,,161,,,,,
dataflow,ESTAT:TEC00114(1.0),GDP per capita in PPS,A,Annual,VI_PPS_EU27_2020_HAB,Volume indices of real expenditure per capita (in PPS_EU27_2020=100),GDP,Gross domestic product,CH,Switzerland,2022,,161,,,,,
dataflow,ESTAT:TEC00114(1.0),GDP per capita in PPS,A,Annual,VI_PPS_EU27_2020_HAB,Volume indices of real expenditure per capita (in PPS_EU27_2020=100),GDP,Gross domestic product,CH,Switzerland,2023,,154,,p,provisional,,
dataflow,ESTAT:TEC00114(1.0),GDP per capita in PPS,A,Annual,VI_PPS_EU27_2020_HAB,Volume indices of real expenditure per capita (in PPS_EU27_2020=100),GDP,Gross domestic product,CH,Switzerland,2024,,151,,p,provisional,,
dataflow,ESTAT:TEC00114(1.0),GDP per capita in PPS,A,Annual,VI_PPS_EU27_2020_HAB,Volume indices of real expenditure per capita (in PPS_EU27_2020=100),GDP,Gross domestic product,CY,Cyprus,2013,,84,,,,,
dataflow,ESTAT:TEC00114(1.0),GDP per capita in PPS,A,Annual,VI_PPS_EU27_2020_HAB,Volume indices of real expenditure per capita (in PPS_EU27_2020=100),GDP,Gross domestic product,CY,Cyprus,2014,,80,,,,,
dataflow,ESTAT:TEC00114(1.0),GDP per capita in PPS,A,Annual,VI_PPS_EU27_2020_HAB,Volume indices of real expenditure per capita (in PPS_EU27_2020=100),GDP,Gross domestic product,CY,Cyprus,2015,,81,,,,,
dataflow,ESTAT:TEC00114(1.0),GDP per capita in PPS,A,Annual,VI_PPS_EU27_2020_HAB,Volume indices of real expenditure per capita (in PPS_EU27_2020=100),GDP,Gross domestic product,CY,Cyprus,2016,,86,,,,,
dataflow,ESTAT:TEC00114(1.0),GDP per capita in PPS,A,Annual,VI_PPS_EU27_2020_HAB,Volume indices of real expenditure per capita (in PPS_EU27_2020=100),GDP,Gross domestic product,CY,Cyprus,2017,,88,,,,,
dataflow,ESTAT:TEC00114(1.0),GDP per capita in PPS,A,Annual,VI_PPS_EU27_2020_HAB,Volume indices of real expenditure per capita (in PPS_EU27_2020=100),GDP,Gross domestic product,CY,Cyprus,2018,,89,,,,,
dataflow,ESTAT:TEC00114(1.0),GDP per capita in PPS,A,Annual,VI_PPS_EU27_2020_HAB,Volume indices of real expenditure per capita (in PPS_EU27_2020=100),GDP,Gross domestic product,CY,Cyprus,2019,,91,,,,,
dataflow,ESTAT:TEC00114(1.0),GDP per capita in PPS,A,Annual,VI_PPS_EU27_2020_HAB,Volume indices of real expenditure per capita (in PPS_EU27_2020=100),GDP,Gross domestic product,CY,Cyprus,2020,,89,,,,,
dataflow,ESTAT:TEC00114(1.0),GDP per capita in PPS,A,Annual,VI_PPS_EU27_2020_HAB,Volume indices of real expenditure per capita (in PPS_EU27_2020=100),GDP,Gross domestic product,CY,Cyprus,2021,,92,,,,,
dataflow,ESTAT:TEC00114(1.0),GDP per capita in PPS,A,Annual,VI_PPS_EU27_2020_HAB,Volume indices of real expenditure per capita (in PPS_EU27_2020=100),GDP,Gross domestic product,CY,Cyprus,2022,,95,,,,,
dataflow,ESTAT:TEC00114(1.0),GDP per capita in PPS,A,Annual,VI_PPS_EU27_2020_HAB,Volume indices of real expenditure per capita (in PPS_EU27_2020=100),GDP,Gross domestic product,CY,Cyprus,2023,,97,,,,,
dataflow,ESTAT:TEC00114(1.0),GDP per capita in PPS,A,Annual,VI_PPS_EU27_2020_HAB,Volume indices of real expenditure per capita (in PPS_EU27_2020=100),GDP,Gross domestic product,CY,Cyprus,2024,,99,,p,provisional,,
dataflow,ESTAT:TEC00114(1.0),GDP per capita in PPS,A,Annual,VI_PPS_EU27_2020_HAB,Volume indices of real expenditure per capita (in PPS_EU27_2020=100),GDP,Gross domestic product,CZ,Czechia,2013,,85,,,,,
dataflow,ESTAT:TEC00114(1.0),GDP per capita in PPS,A,Annual,VI_PPS_EU27_2020_HAB,Volume indices of real expenditure per capita (in PPS_EU27_2020=100),GDP,Gross domestic product,CZ,Czechia,2014,,88,,,,,
dataflow,ESTAT:TEC00114(1.0),GDP per capita in PPS,A,Annual,VI_PPS_EU27_2020_HAB,Volume indices of real expenditure per capita (in PPS_EU27_2020=100),GDP,Gross domestic product,CZ,Czechia,2015,,89,,,,,
dataflow,ESTAT:TEC00114(1.0),GDP per capita in PPS,A,Annual,VI_PPS_EU27_2020_HAB,Volume indices of real expenditure per capita (in PPS_EU27_2020=100),GDP,Gross domestic product,CZ,Czechia,2016,,89,,,,,
dataflow,ESTAT:TEC00114(1.0),GDP per capita in PPS,A,Annual,VI_PPS_EU27_2020_HAB,Volume indices of real expenditure per capita (in PPS_EU27_2020=100),GDP,Gross domestic product,CZ,Czechia,2017,,92,,,,,
dataflow,ESTAT:TEC00114(1.0),GDP per capita in PPS,A,Annual,VI_PPS_EU27_2020_HAB,Volume indices of real expenditure per capita (in PPS_EU27_2020=100),GDP,Gross domestic product,CZ,Czechia,2018,,93,,,,,
dataflow,ESTAT:TEC00114(1.0),GDP per capita in PPS,A,Annual,VI_PPS_EU27_2020_HAB,Volume indices of real expenditure per capita (in PPS_EU27_2020=100),GDP,Gross domestic product,CZ,Czechia,2019,,95,,,,,
dataflow,ESTAT:TEC00114(1.0),GDP per capita in PPS,A,Annual,VI_PPS_EU27_2020_HAB,Volume indices of real expenditure per capita (in PPS_EU27_2020=100),GDP,Gross domestic product,CZ,Czechia,2020,,96,,,,,
dataflow,ESTAT:TEC00114(1.0),GDP per capita in PPS,A,Annual,VI_PPS_EU27_2020_HAB,Volume indices of real expenditure per capita (in PPS_EU27_2020=100),GDP,Gross domestic product,CZ,Czechia,2021,,92,,,,,
dataflow,ESTAT:TEC00114(1.0),GDP per capita in PPS,A,Annual,VI_PPS_EU27_2020_HAB,Volume indices of real expenditure per capita (in PPS_EU27_2020=100),GDP,Gross domestic product,CZ,Czechia,2022,,90,,,,,
dataflow,ESTAT:TEC00114(1.0),GDP per capita in PPS,A,Annual,VI_PPS_EU27_2020_HAB,Volume indices of real expenditure per capita (in PPS_EU27_2020=100),GDP,Gross domestic product,CZ,Czechia,2023,,91,,,,,
dataflow,ESTAT:TEC00114(1.0),GDP per capita in PPS,A,Annual,VI_PPS_EU27_2020_HAB,Volume indices of real expenditure per capita (in PPS_EU27_2020=100),GDP,Gross domestic product,CZ,Czechia,2024,,91,,,,,
dataflow,ESTAT:TEC00114(1.0),GDP per capita in PPS,A,Annual,VI_PPS_EU27_2020_HAB,Volume indices of real expenditure per capita (in PPS_EU27_2020=100),GDP,Gross domestic product,DE,Germany,2013,,126,,,,,
dataflow,ESTAT:TEC00114(1.0),GDP per capita in PPS,A,Annual,VI_PPS_EU27_2020_HAB,Volume indices of real expenditure per capita (in PPS_EU27_2020=100),GDP,Gross domestic product,DE,Germany,2014,,128,,,,,
dataflow,ESTAT:TEC00114(1.0),GDP per capita in PPS,A,Annual,VI_PPS_EU27_2020_HAB,Volume indices of real expenditure per capita (in PPS_EU27_2020=100),GDP,Gross domestic product,DE,Germany,2015,,126,,,,,
dataflow,ESTAT:TEC00114(1.0),GDP per capita in PPS,A,Annual,VI_PPS_EU27_2020_HAB,Volume indices of real expenditure per capita (in PPS_EU27_2020=100),GDP,Gross domestic product,DE,Germany,2016,,126,,,,,
dataflow,ESTAT:TEC00114(1.0),GDP per capita in PPS,A,Annual,VI_PPS_EU27_2020_HAB,Volume indices of real expenditure per capita (in PPS_EU27_2020=100),GDP,Gross domestic product,DE,Germany,2017,,126,,,,,
dataflow,ESTAT:TEC00114(1.0),GDP per capita in PPS,A,Annual,VI_PPS_EU27_2020_HAB,Volume indices of real expenditure per capita (in PPS_EU27_2020=100),GDP,Gross domestic product,DE,Germany,2018,,125,,,,,
dataflow,ESTAT:TEC00114(1.0),GDP per capita in PPS,A,Annual,VI_PPS_EU27_2020_HAB,Volume indices of real expenditure per capita (in PPS_EU27_2020=100),GDP,Gross domestic product,DE,Germany,2019,,122,,,,,
dataflow,ESTAT:TEC00114(1.0),GDP per capita in PPS,A,Annual,VI_PPS_EU27_2020_HAB,Volume indices of real expenditure per capita (in PPS_EU27_2020=100),GDP,Gross domestic product,DE,Germany,2020,,123,,,,,
dataflow,ESTAT:TEC00114(1.0),GDP per capita in PPS,A,Annual,VI_PPS_EU27_2020_HAB,Volume indices of real expenditure per capita (in PPS_EU27_2020=100),GDP,Gross domestic product,DE,Germany,2021,,120,,,,,
dataflow,ESTAT:TEC00114(1.0),GDP per capita in PPS,A,Annual,VI_PPS_EU27_2020_HAB,Volume indices of real expenditure per capita (in PPS_EU27_2020=100),GDP,Gross domestic product,DE,Germany,2022,,120,,p,provisional,,
dataflow,ESTAT:TEC00114(1.0),GDP per capita in PPS,A,Annual,VI_PPS_EU27_2020_HAB,Volume indices of real expenditure per capita (in PPS_EU27_2020=100),GDP,Gross domestic product,DE,Germany,2023,,118,,p,provisional,,
dataflow,ESTAT:TEC00114(1.0),GDP per capita in PPS,A,Annual,VI_PPS_EU27_2020_HAB,Volume indices of real expenditure per capita (in PPS_EU27_2020=100),GDP,Gross domestic product,DE,Germany,2024,,116,,p,provisional,,
dataflow,ESTAT:TEC00114(1.0),GDP per capita in PPS,A,Annual,VI_PPS_EU27_2020_HAB,Volume indices of real expenditure per capita (in PPS_EU27_2020=100),GDP,Gross domestic product,DK,Denmark,2013,,129,,,,,
dataflow,ESTAT:TEC00114(1.0),GDP per capita in PPS,A,Annual,VI_PPS_EU27_2020_HAB,Volume indices of real expenditure per capita (in PPS_EU27_2020=100),GDP,Gross domestic product,DK,Denmark,2014,,128,,,,,
dataflow,ESTAT:TEC00114(1.0),GDP per capita in PPS,A,Annual,VI_PPS_EU27_2020_HAB,Volume indices of real expenditure per capita (in PPS_EU27_2020=100),GDP,Gross domestic product,DK,Denmark,2015,,127,,,,,
dataflow,ESTAT:TEC00114(1.0),GDP per capita in PPS,A,Annual,VI_PPS_EU27_2020_HAB,Volume indices of real expenditure per capita (in PPS_EU27_2020=100),GDP,Gross domestic product,DK,Denmark,2016,,126,,,,,
dataflow,ESTAT:TEC00114(1.0),GDP per capita in PPS,A,Annual,VI_PPS_EU27_2020_HAB,Volume indices of real expenditure per capita (in PPS_EU27_2020=100),GDP,Gross domestic product,DK,Denmark,2017,,128,,,,,
dataflow,ESTAT:TEC00114(1.0),GDP per capita in PPS,A,Annual,VI_PPS_EU27_2020_HAB,Volume indices of real expenditure per capita (in PPS_EU27_2020=100),GDP,Gross domestic product,DK,Denmark,2018,,127,,,,,
dataflow,ESTAT:TEC00114(1.0),GDP per capita in PPS,A,Annual,VI_PPS_EU27_2020_HAB,Volume indices of real expenditure per capita (in PPS_EU27_2020=100),GDP,Gross domestic product,DK,Denmark,2019,,125,,,,,
dataflow,ESTAT:TEC00114(1.0),GDP per capita in PPS,A,Annual,VI_PPS_EU27_2020_HAB,Volume indices of real expenditure per capita (in PPS_EU27_2020=100),GDP,Gross domestic product,DK,Denmark,2020,,132,,,,,
dataflow,ESTAT:TEC00114(1.0),GDP per capita in PPS,A,Annual,VI_PPS_EU27_2020_HAB,Volume indices of real expenditure per capita (in PPS_EU27_2020=100),GDP,Gross domestic product,DK,Denmark,2021,,133,,,,,
dataflow,ESTAT:TEC00114(1.0),GDP per capita in PPS,A,Annual,VI_PPS_EU27_2020_HAB,Volume indices of real expenditure per capita (in PPS_EU27_2020=100),GDP,Gross domestic product,DK,Denmark,2022,,134,,,,,
dataflow,ESTAT:TEC00114(1.0),GDP per capita in PPS,A,Annual,VI_PPS_EU27_2020_HAB,Volume indices of real expenditure per capita (in PPS_EU27_2020=100),GDP,Gross domestic product,DK,Denmark,2023,,126,,,,,
dataflow,ESTAT:TEC00114(1.0),GDP per capita in PPS,A,Annual,VI_PPS_EU27_2020_HAB,Volume indices of real expenditure per capita (in PPS_EU27_2020=100),GDP,Gross domestic product,DK,Denmark,2024,,127,,,,,
dataflow,ESTAT:TEC00114(1.0),GDP per capita in PPS,A,Annual,VI_PPS_EU27_2020_HAB,Volume indices of real expenditure per capita (in PPS_EU27_2020=100),GDP,Gross domestic product,EA19,Euro area - 19 countries  (2015-2022),2013,,108,,,,,
dataflow,ESTAT:TEC00114(1.0),GDP per capita in PPS,A,Annual,VI_PPS_EU27_2020_HAB,Volume indices of real expenditure per capita (in PPS_EU27_2020=100),GDP,Gross domestic product,EA19,Euro area - 19 countries  (2015-2022),2014,,108,,,,,
dataflow,ESTAT:TEC00114(1.0),GDP per capita in PPS,A,Annual,VI_PPS_EU27_2020_HAB,Volume indices of real expenditure per capita (in PPS_EU27_2020=100),GDP,Gross domestic product,EA19,Euro area - 19 countries  (2015-2022),2015,,108,,,,,
dataflow,ESTAT:TEC00114(1.0),GDP per capita in PPS,A,Annual,VI_PPS_EU27_2020_HAB,Volume indices of real expenditure per capita (in PPS_EU27_2020=100),GDP,Gross domestic product,EA19,Euro area - 19 countries  (2015-2022),2016,,107,,,,,
dataflow,ESTAT:TEC00114(1.0),GDP per capita in PPS,A,Annual,VI_PPS_EU27_2020_HAB,Volume indices of real expenditure per capita (in PPS_EU27_2020=100),GDP,Gross domestic product,EA19,Euro area - 19 countries  (2015-2022),2017,,107,,,,,
dataflow,ESTAT:TEC00114(1.0),GDP per capita in PPS,A,Annual,VI_PPS_EU27_2020_HAB,Volume indices of real expenditure per capita (in PPS_EU27_2020=100),GDP,Gross domestic product,EA19,Euro area - 19 countries  (2015-2022),2018,,107,,,,,
dataflow,ESTAT:TEC00114(1.0),GDP per capita in PPS,A,Annual,VI_PPS_EU27_2020_HAB,Volume indices of real expenditure per capita (in PPS_EU27_2020=100),GDP,Gross domestic product,EA19,Euro area - 19 countries  (2015-2022),2019,,106,,,,,
dataflow,ESTAT:TEC00114(1.0),GDP per capita in PPS,A,Annual,VI_PPS_EU27_2020_HAB,Volume indices of real expenditure per capita (in PPS_EU27_2020=100),GDP,Gross domestic product,EA19,Euro area - 19 countries  (2015-2022),2020,,105,,,,,
dataflow,ESTAT:TEC00114(1.0),GDP per capita in PPS,A,Annual,VI_PPS_EU27_2020_HAB,Volume indices of real expenditure per capita (in PPS_EU27_2020=100),GDP,Gross domestic product,EA19,Euro area - 19 countries  (2015-2022),2021,,105,,,,,
dataflow,ESTAT:TEC00114(1.0),GDP per capita in PPS,A,Annual,VI_PPS_EU27_2020_HAB,Volume indices of real expenditure per capita (in PPS_EU27_2020=100),GDP,Gross domestic product,EA19,Euro area - 19 countries  (2015-2022),2022,,105,,,,,
dataflow,ESTAT:TEC00114(1.0),GDP per capita in PPS,A,Annual,VI_PPS_EU27_2020_HAB,Volume indices of real expenditure per capita (in PPS_EU27_2020=100),GDP,Gross domestic product,EA19,Euro area - 19 countries  (2015-2022),2023,,105,,,,,
dataflow,ESTAT:TEC00114(1.0),GDP per capita in PPS,A,Annual,VI_PPS_EU27_2020_HAB,Volume indices of real expenditure per capita (in PPS_EU27_2020=100),GDP,Gross domestic product,EA19,Euro area - 19 countries  (2015-2022),2024,,105,,,,,
dataflow,ESTAT:TEC00114(1.0),GDP per capita in PPS,A,Annual,VI_PPS_EU27_2020_HAB,Volume indices of real expenditure per capita (in PPS_EU27_2020=100),GDP,Gross domestic product,EA20,Euro area – 20 countries (2023-2025),2013,,108,,,,,
dataflow,ESTAT:TEC00114(1.0),GDP per capita in PPS,A,Annual,VI_PPS_EU27_2020_HAB,Volume indices of real expenditure per capita (in PPS_EU27_2020=100),GDP,Gross domestic product,EA20,Euro area – 20 countries (2023-2025),2014,,107,,,,,
dataflow,ESTAT:TEC00114(1.0),GDP per capita in PPS,A,Annual,VI_PPS_EU27_2020_HAB,Volume indices of real expenditure per capita (in PPS_EU27_2020=100),GDP,Gross domestic product,EA20,Euro area – 20 countries (2023-2025),2015,,107,,,,,
dataflow,ESTAT:TEC00114(1.0),GDP per capita in PPS,A,Annual,VI_PPS_EU27_2020_HAB,Volume indices of real expenditure per capita (in PPS_EU27_2020=100),GDP,Gross domestic product,EA20,Euro area – 20 countries (2023-2025),2016,,107,,,,,
dataflow,ESTAT:TEC00114(1.0),GDP per capita in PPS,A,Annual,VI_PPS_EU27_2020_HAB,Volume indices of real expenditure per capita (in PPS_EU27_2020=100),GDP,Gross domestic product,EA20,Euro area – 20 countries (2023-2025),2017,,106,,,,,
dataflow,ESTAT:TEC00114(1.0),GDP per capita in PPS,A,Annual,VI_PPS_EU27_2020_HAB,Volume indices of real expenditure per capita (in PPS_EU27_2020=100),GDP,Gross domestic product,EA20,Euro area – 20 countries (2023-2025),2018,,106,,,,,
dataflow,ESTAT:TEC00114(1.0),GDP per capita in PPS,A,Annual,VI_PPS_EU27_2020_HAB,Volume indices of real expenditure per capita (in PPS_EU27_2020=100),GDP,Gross domestic product,EA20,Euro area – 20 countries (2023-2025),2019,,105,,,,,
dataflow,ESTAT:TEC00114(1.0),GDP per capita in PPS,A,Annual,VI_PPS_EU27_2020_HAB,Volume indices of real expenditure per capita (in PPS_EU27_2020=100),GDP,Gross domestic product,EA20,Euro area – 20 countries (2023-2025),2020,,104,,,,,
dataflow,ESTAT:TEC00114(1.0),GDP per capita in PPS,A,Annual,VI_PPS_EU27_2020_HAB,Volume indices of real expenditure per capita (in PPS_EU27_2020=100),GDP,Gross domestic product,EA20,Euro area – 20 countries (2023-2025),2021,,104,,,,,
dataflow,ESTAT:TEC00114(1.0),GDP per capita in PPS,A,Annual,VI_PPS_EU27_2020_HAB,Volume indices of real expenditure per capita (in PPS_EU27_2020=100),GDP,Gross domestic product,EA20,Euro area – 20 countries (2023-2025),2022,,105,,,,,
dataflow,ESTAT:TEC00114(1.0),GDP per capita in PPS,A,Annual,VI_PPS_EU27_2020_HAB,Volume indices of real expenditure per capita (in PPS_EU27_2020=100),GDP,Gross domestic product,EA20,Euro area – 20 countries (2023-2025),2023,,105,,,,,
dataflow,ESTAT:TEC00114(1.0),GDP per capita in PPS,A,Annual,VI_PPS_EU27_2020_HAB,Volume indices of real expenditure per capita (in PPS_EU27_2020=100),GDP,Gross domestic product,EA20,Euro area – 20 countries (2023-2025),2024,,104,,,,,
dataflow,ESTAT:TEC00114(1.0),GDP per capita in PPS,A,Annual,VI_PPS_EU27_2020_HAB,Volume indices of real expenditure per capita (in PPS_EU27_2020=100),GDP,Gross domestic product,EE,Estonia,2013,,76,,,,,
dataflow,ESTAT:TEC00114(1.0),GDP per capita in PPS,A,Annual,VI_PPS_EU27_2020_HAB,Volume indices of real expenditure per capita (in PPS_EU27_2020=100),GDP,Gross domestic product,EE,Estonia,2014,,78,,,,,
dataflow,ESTAT:TEC00114(1.0),GDP per capita in PPS,A,Annual,VI_PPS_EU27_2020_HAB,Volume indices of real expenditure per capita (in PPS_EU27_2020=100),GDP,Gross domestic product,EE,Estonia,2015,,77,,,,,
dataflow,ESTAT:TEC00114(1.0),GDP per capita in PPS,A,Annual,VI_PPS_EU27_2020_HAB,Volume indices of real expenditure per capita (in PPS_EU27_2020=100),GDP,Gross domestic product,EE,Estonia,2016,,78,,,,,
dataflow,ESTAT:TEC00114(1.0),GDP per capita in PPS,A,Annual,VI_PPS_EU27_2020_HAB,Volume indices of real expenditure per capita (in PPS_EU27_2020=100),GDP,Gross domestic product,EE,Estonia,2017,,80,,,,,
dataflow,ESTAT:TEC00114(1.0),GDP per capita in PPS,A,Annual,VI_PPS_EU27_2020_HAB,Volume indices of real expenditure per capita (in PPS_EU27_2020=100),GDP,Gross domestic product,EE,Estonia,2018,,82,,,,,
dataflow,ESTAT:TEC00114(1.0),GDP per capita in PPS,A,Annual,VI_PPS_EU27_2020_HAB,Volume indices of real expenditure per capita (in PPS_EU27_2020=100),GDP,Gross domestic product,EE,Estonia,2019,,84,,,,,
dataflow,ESTAT:TEC00114(1.0),GDP per capita in PPS,A,Annual,VI_PPS_EU27_2020_HAB,Volume indices of real expenditure per capita (in PPS_EU27_2020=100),GDP,Gross domestic product,EE,Estonia,2020,,85,,,,,
dataflow,ESTAT:TEC00114(1.0),GDP per capita in PPS,A,Annual,VI_PPS_EU27_2020_HAB,Volume indices of real expenditure per capita (in PPS_EU27_2020=100),GDP,Gross domestic product,EE,Estonia,2021,,85,,,,,
dataflow,ESTAT:TEC00114(1.0),GDP per capita in PPS,A,Annual,VI_PPS_EU27_2020_HAB,Volume indices of real expenditure per capita (in PPS_EU27_2020=100),GDP,Gross domestic product,EE,Estonia,2022,,83,,,,,
dataflow,ESTAT:TEC00114(1.0),GDP per capita in PPS,A,Annual,VI_PPS_EU27_2020_HAB,Volume indices of real expenditure per capita (in PPS_EU27_2020=100),GDP,Gross domestic product,EE,Estonia,2023,,80,,,,,
dataflow,ESTAT:TEC00114(1.0),GDP per capita in PPS,A,Annual,VI_PPS_EU27_2020_HAB,Volume indices of real expenditure per capita (in PPS_EU27_2020=100),GDP,Gross domestic product,EE,Estonia,2024,,79,,,,,
dataflow,ESTAT:TEC00114(1.0),GDP per capita in PPS,A,Annual,VI_PPS_EU27_2020_HAB,Volume indices of real expenditure per capita (in PPS_EU27_2020=100),GDP,Gross domestic product,EL,Greece,2013,,71,,,,,
dataflow,ESTAT:TEC00114(1.0),GDP per capita in PPS,A,Annual,VI_PPS_EU27_2020_HAB,Volume indices of real expenditure per capita (in PPS_EU27_2020=100),GDP,Gross domestic product,EL,Greece,2014,,71,,,,,
dataflow,ESTAT:TEC00114(1.0),GDP per capita in PPS,A,Annual,VI_PPS_EU27_2020_HAB,Volume indices of real expenditure per capita (in PPS_EU27_2020=100),GDP,Gross domestic product,EL,Greece,2015,,69,,,,,
dataflow,ESTAT:TEC00114(1.0),GDP per capita in PPS,A,Annual,VI_PPS_EU27_2020_HAB,Volume indices of real expenditure per capita (in PPS_EU27_2020=100),GDP,Gross domestic product,EL,Greece,2016,,67,,,,,
dataflow,ESTAT:TEC00114(1.0),GDP per capita in PPS,A,Annual,VI_PPS_EU27_2020_HAB,Volume indices of real expenditure per capita (in PPS_EU27_2020=100),GDP,Gross domestic product,EL,Greece,2017,,67,,,,,
dataflow,ESTAT:TEC00114(1.0),GDP per capita in PPS,A,Annual,VI_PPS_EU27_2020_HAB,Volume indices of real expenditure per capita (in PPS_EU27_2020=100),GDP,Gross domestic product,EL,Greece,2018,,66,,,,,
dataflow,ESTAT:TEC00114(1.0),GDP per capita in PPS,A,Annual,VI_PPS_EU27_2020_HAB,Volume indices of real expenditure per capita (in PPS_EU27_2020=100),GDP,Gross domestic product,EL,Greece,2019,,66,,,,,
dataflow,ESTAT:TEC00114(1.0),GDP per capita in PPS,A,Annual,VI_PPS_EU27_2020_HAB,Volume indices of real expenditure per capita (in PPS_EU27_2020=100),GDP,Gross domestic product,EL,Greece,2020,,62,,,,,
dataflow,ESTAT:TEC00114(1.0),GDP per capita in PPS,A,Annual,VI_PPS_EU27_2020_HAB,Volume indices of real expenditure per capita (in PPS_EU27_2020=100),GDP,Gross domestic product,EL,Greece,2021,,64,,,,,
dataflow,ESTAT:TEC00114(1.0),GDP per capita in PPS,A,Annual,VI_PPS_EU27_2020_HAB,Volume indices of real expenditure per capita (in PPS_EU27_2020=100),GDP,Gross domestic product,EL,Greece,2022,,66,,,,,
dataflow,ESTAT:TEC00114(1.0),GDP per capita in PPS,A,Annual,VI_PPS_EU27_2020_HAB,Volume indices of real expenditure per capita (in PPS_EU27_2020=100),GDP,Gross domestic product,EL,Greece,2023,,68,,p,provisional,,
dataflow,ESTAT:TEC00114(1.0),GDP per capita in PPS,A,Annual,VI_PPS_EU27_2020_HAB,Volume indices of real expenditure per capita (in PPS_EU27_2020=100),GDP,Gross domestic product,EL,Greece,2024,,69,,p,provisional,,
dataflow,ESTAT:TEC00114(1.0),GDP per capita in PPS,A,Annual,VI_PPS_EU27_2020_HAB,Volume indices of real expenditure per capita (in PPS_EU27_2020=100),GDP,Gross domestic product,ES,Spain,2013,,90,,,,,
dataflow,ESTAT:TEC00114(1.0),GDP per capita in PPS,A,Annual,VI_PPS_EU27_2020_HAB,Volume indices of real expenditure per capita (in PPS_EU27_2020=100),GDP,Gross domestic product,ES,Spain,2014,,90,,,,,
dataflow,ESTAT:TEC00114(1.0),GDP per capita in PPS,A,Annual,VI_PPS_EU27_2020_HAB,Volume indices of real expenditure per capita (in PPS_EU27_2020=100),GDP,Gross domestic product,ES,Spain,2015,,91,,,,,
dataflow,ESTAT:TEC00114(1.0),GDP per capita in PPS,A,Annual,VI_PPS_EU27_2020_HAB,Volume indices of real expenditure per capita (in PPS_EU27_2020=100),GDP,Gross domestic product,ES,Spain,2016,,92,,,,,
dataflow,ESTAT:TEC00114(1.0),GDP per capita in PPS,A,Annual,VI_PPS_EU27_2020_HAB,Volume indices of real expenditure per capita (in PPS_EU27_2020=100),GDP,Gross domestic product,ES,Spain,2017,,93,,,,,
dataflow,ESTAT:TEC00114(1.0),GDP per capita in PPS,A,Annual,VI_PPS_EU27_2020_HAB,Volume indices of real expenditure per capita (in PPS_EU27_2020=100),GDP,Gross domestic product,ES,Spain,2018,,91,,,,,
dataflow,ESTAT:TEC00114(1.0),GDP per capita in PPS,A,Annual,VI_PPS_EU27_2020_HAB,Volume indices of real expenditure per capita (in PPS_EU27_2020=100),GDP,Gross domestic product,ES,Spain,2019,,91,,,,,
dataflow,ESTAT:TEC00114(1.0),GDP per capita in PPS,A,Annual,VI_PPS_EU27_2020_HAB,Volume indices of real expenditure per capita (in PPS_EU27_2020=100),GDP,Gross domestic product,ES,Spain,2020,,83,,,,,
dataflow,ESTAT:TEC00114(1.0),GDP per capita in PPS,A,Annual,VI_PPS_EU27_2020_HAB,Volume indices of real expenditure per capita (in PPS_EU27_2020=100),GDP,Gross domestic product,ES,Spain,2021,,85,,,,,
dataflow,ESTAT:TEC00114(1.0),GDP per capita in PPS,A,Annual,VI_PPS_EU27_2020_HAB,Volume indices of real expenditure per capita (in PPS_EU27_2020=100),GDP,Gross domestic product,ES,Spain,2022,,88,,,,,
dataflow,ESTAT:TEC00114(1.0),GDP per capita in PPS,A,Annual,VI_PPS_EU27_2020_HAB,Volume indices of real expenditure per capita (in PPS_EU27_2020=100),GDP,Gross domestic product,ES,Spain,2023,,91,,p,provisional,,
dataflow,ESTAT:TEC00114(1.0),GDP per capita in PPS,A,Annual,VI_PPS_EU27_2020_HAB,Volume indices of real expenditure per capita (in PPS_EU27_2020=100),GDP,Gross domestic product,ES,Spain,2024,,91,,p,provisional,,
dataflow,ESTAT:TEC00114(1.0),GDP per capita in PPS,A,Annual,VI_PPS_EU27_2020_HAB,Volume indices of real expenditure per capita (in PPS_EU27_2020=100),GDP,Gross domestic product,EU27_2020,European Union - 27 countries (from 2020),2013,,100,,,,,
dataflow,ESTAT:TEC00114(1.0),GDP per capita in PPS,A,Annual,VI_PPS_EU27_2020_HAB,Volume indices of real expenditure per capita (in PPS_EU27_2020=100),GDP,Gross domestic product,EU27_2020,European Union - 27 countries (from 2020),2014,,100,,,,,
dataflow,ESTAT:TEC00114(1.0),GDP per capita in PPS,A,Annual,VI_PPS_EU27_2020_HAB,Volume indices of real expenditure per capita (in PPS_EU27_2020=100),GDP,Gross domestic product,EU27_2020,European Union - 27 countries (from 2020),2015,,100,,,,,
dataflow,ESTAT:TEC00114(1.0),GDP per capita in PPS,A,Annual,VI_PPS_EU27_2020_HAB,Volume indices of real expenditure per capita (in PPS_EU27_2020=100),GDP,Gross domestic product,EU27_2020,European Union - 27 countries (from 2020),2016,,100,,,,,
dataflow,ESTAT:TEC00114(1.0),GDP per capita in PPS,A,Annual,VI_PPS_EU27_2020_HAB,Volume indices of real expenditure per capita (in PPS_EU27_2020=100),GDP,Gross domestic product,EU27_2020,European Union - 27 countries (from 2020),2017,,100,,,,,
dataflow,ESTAT:TEC00114(1.0),GDP per capita in PPS,A,Annual,VI_PPS_EU27_2020_HAB,Volume indices of real expenditure per capita (in PPS_EU27_2020=100),GDP,Gross domestic product,EU27_2020,European Union - 27 countries (from 2020),2018,,100,,,,,
dataflow,ESTAT:TEC00114(1.0),GDP per capita in PPS,A,Annual,VI_PPS_EU27_2020_HAB,Volume indices of real expenditure per capita (in PPS_EU27_2020=100),GDP,Gross domestic product,EU27_2020,European Union - 27 countries (from 2020),2019,,100,,,,,
dataflow,ESTAT:TEC00114(1.0),GDP per capita in PPS,A,Annual,VI_PPS_EU27_2020_HAB,Volume indices of real expenditure per capita (in PPS_EU27_2020=100),GDP,Gross domestic product,EU27_2020,European Union - 27 countries (from 2020),2020,,100,,,,,
dataflow,ESTAT:TEC00114(1.0),GDP per capita in PPS,A,Annual,VI_PPS_EU27_2020_HAB,Volume indices of real expenditure per capita (in PPS_EU27_2020=100),GDP,Gross domestic product,EU27_2020,European Union - 27 countries (from 2020),2021,,100,,,,,
dataflow,ESTAT:TEC00114(1.0),GDP per capita in PPS,A,Annual,VI_PPS_EU27_2020_HAB,Volume indices of real expenditure per capita (in PPS_EU27_2020=100),GDP,Gross domestic product,EU27_2020,European Union - 27 countries (from 2020),2022,,100,,,,,
dataflow,ESTAT:TEC00114(1.0),GDP per capita in PPS,A,Annual,VI_PPS_EU27_2020_HAB,Volume indices of real expenditure per capita (in PPS_EU27_2020=100),GDP,Gross domestic product,EU27_2020,European Union - 27 countries (from 2020),2023,,100,,,,,
dataflow,ESTAT:TEC00114(1.0),GDP per capita in PPS,A,Annual,VI_PPS_EU27_2020_HAB,Volume indices of real expenditure per capita (in PPS_EU27_2020=100),GDP,Gross domestic product,EU27_2020,European Union - 27 countries (from 2020),2024,,100,,,,,
dataflow,ESTAT:TEC00114(1.0),GDP per capita in PPS,A,Annual,VI_PPS_EU27_2020_HAB,Volume indices of real expenditure per capita (in PPS_EU27_2020=100),GDP,Gross domestic product,FI,Finland,2013,,114,,,,,
dataflow,ESTAT:TEC00114(1.0),GDP per capita in PPS,A,Annual,VI_PPS_EU27_2020_HAB,Volume indices of real expenditure per capita (in PPS_EU27_2020=100),GDP,Gross domestic product,FI,Finland,2014,,111,,,,,
dataflow,ESTAT:TEC00114(1.0),GDP per capita in PPS,A,Annual,VI_PPS_EU27_2020_HAB,Volume indices of real expenditure per capita (in PPS_EU27_2020=100),GDP,Gross domestic product,FI,Finland,2015,,109,,,,,
dataflow,ESTAT:TEC00114(1.0),GDP per capita in PPS,A,Annual,VI_PPS_EU27_2020_HAB,Volume indices of real expenditure per capita (in PPS_EU27_2020=100),GDP,Gross domestic product,FI,Finland,2016,,109,,,,,
dataflow,ESTAT:TEC00114(1.0),GDP per capita in PPS,A,Annual,VI_PPS_EU27_2020_HAB,Volume indices of real expenditure per capita (in PPS_EU27_2020=100),GDP,Gross domestic product,FI,Finland,2017,,110,,,,,
dataflow,ESTAT:TEC00114(1.0),GDP per capita in PPS,A,Annual,VI_PPS_EU27_2020_HAB,Volume indices of real expenditure per capita (in PPS_EU27_2020=100),GDP,Gross domestic product,FI,Finland,2018,,109,,,,,
dataflow,ESTAT:TEC00114(1.0),GDP per capita in PPS,A,Annual,VI_PPS_EU27_2020_HAB,Volume indices of real expenditure per capita (in PPS_EU27_2020=100),GDP,Gross domestic product,FI,Finland,2019,,107,,,,,
dataflow,ESTAT:TEC00114(1.0),GDP per capita in PPS,A,Annual,VI_PPS_EU27_2020_HAB,Volume indices of real expenditure per capita (in PPS_EU27_2020=100),GDP,Gross domestic product,FI,Finland,2020,,112,,,,,
dataflow,ESTAT:TEC00114(1.0),GDP per capita in PPS,A,Annual,VI_PPS_EU27_2020_HAB,Volume indices of real expenditure per capita (in PPS_EU27_2020=100),GDP,Gross domestic product,FI,Finland,2021,,109,,,,,
dataflow,ESTAT:TEC00114(1.0),GDP per capita in PPS,A,Annual,VI_PPS_EU27_2020_HAB,Volume indices of real expenditure per capita (in PPS_EU27_2020=100),GDP,Gross domestic product,FI,Finland,2022,,106,,,,,
dataflow,ESTAT:TEC00114(1.0),GDP per capita in PPS,A,Annual,VI_PPS_EU27_2020_HAB,Volume indices of real expenditure per capita (in PPS_EU27_2020=100),GDP,Gross domestic product,FI,Finland,2023,,103,,,,,
dataflow,ESTAT:TEC00114(1.0),GDP per capita in PPS,A,Annual,VI_PPS_EU27_2020_HAB,Volume indices of real expenditure per capita (in PPS_EU27_2020=100),GDP,Gross domestic product,FI,Finland,2024,,102,,,,,
dataflow,ESTAT:TEC00114(1.0),GDP per capita in PPS,A,Annual,VI_PPS_EU27_2020_HAB,Volume indices of real expenditure per capita (in PPS_EU27_2020=100),GDP,Gross domestic product,FR,France,2013,,109,,,,,
dataflow,ESTAT:TEC00114(1.0),GDP per capita in PPS,A,Annual,VI_PPS_EU27_2020_HAB,Volume indices of real expenditure per capita (in PPS_EU27_2020=100),GDP,Gross domestic product,FR,France,2014,,108,,,,,
dataflow,ESTAT:TEC00114(1.0),GDP per capita in PPS,A,Annual,VI_PPS_EU27_2020_HAB,Volume indices of real expenditure per capita (in PPS_EU27_2020=100),GDP,Gross domestic product,FR,France,2015,,106,,,,,
dataflow,ESTAT:TEC00114(1.0),GDP per capita in PPS,A,Annual,VI_PPS_EU27_2020_HAB,Volume indices of real expenditure per capita (in PPS_EU27_2020=100),GDP,Gross domestic product,FR,France,2016,,105,,,,,
dataflow,ESTAT:TEC00114(1.0),GDP per capita in PPS,A,Annual,VI_PPS_EU27_2020_HAB,Volume indices of real expenditure per capita (in PPS_EU27_2020=100),GDP,Gross domestic product,FR,France,2017,,103,,,,,
dataflow,ESTAT:TEC00114(1.0),GDP per capita in PPS,A,Annual,VI_PPS_EU27_2020_HAB,Volume indices of real expenditure per capita (in PPS_EU27_2020=100),GDP,Gross domestic product,FR,France,2018,,103,,,,,
dataflow,ESTAT:TEC00114(1.0),GDP per capita in PPS,A,Annual,VI_PPS_EU27_2020_HAB,Volume indices of real expenditure per capita (in PPS_EU27_2020=100),GDP,Gross domestic product,FR,France,2019,,105,,,,,
dataflow,ESTAT:TEC00114(1.0),GDP per capita in PPS,A,Annual,VI_PPS_EU27_2020_HAB,Volume indices of real expenditure per capita (in PPS_EU27_2020=100),GDP,Gross domestic product,FR,France,2020,,104,,,,,
dataflow,ESTAT:TEC00114(1.0),GDP per capita in PPS,A,Annual,VI_PPS_EU27_2020_HAB,Volume indices of real expenditure per capita (in PPS_EU27_2020=100),GDP,Gross domestic product,FR,France,2021,,101,,,,,
dataflow,ESTAT:TEC00114(1.0),GDP per capita in PPS,A,Annual,VI_PPS_EU27_2020_HAB,Volume indices of real expenditure per capita (in PPS_EU27_2020=100),GDP,Gross domestic product,FR,France,2022,,97,,,,,
dataflow,ESTAT:TEC00114(1.0),GDP per capita in PPS,A,Annual,VI_PPS_EU27_2020_HAB,Volume indices of real expenditure per capita (in PPS_EU27_2020=100),GDP,Gross domestic product,FR,France,2023,,99,,p,provisional,,
dataflow,ESTAT:TEC00114(1.0),GDP per capita in PPS,A,Annual,VI_PPS_EU27_2020_HAB,Volume indices of real expenditure per capita (in PPS_EU27_2020=100),GDP,Gross domestic product,FR,France,2024,,98,,p,provisional,,
dataflow,ESTAT:TEC00114(1.0),GDP per capita in PPS,A,Annual,VI_PPS_EU27_2020_HAB,Volume indices of real expenditure per capita (in PPS_EU27_2020=100),GDP,Gross domestic product,HR,Croatia,2013,,61,,,,,
dataflow,ESTAT:TEC00114(1.0),GDP per capita in PPS,A,Annual,VI_PPS_EU27_2020_HAB,Volume indices of real expenditure per capita (in PPS_EU27_2020=100),GDP,Gross domestic product,HR,Croatia,2014,,60,,,,,
dataflow,ESTAT:TEC00114(1.0),GDP per capita in PPS,A,Annual,VI_PPS_EU27_2020_HAB,Volume indices of real expenditure per capita (in PPS_EU27_2020=100),GDP,Gross domestic product,HR,Croatia,2015,,61,,,,,
dataflow,ESTAT:TEC00114(1.0),GDP per capita in PPS,A,Annual,VI_PPS_EU27_2020_HAB,Volume indices of real expenditure per capita (in PPS_EU27_2020=100),GDP,Gross domestic product,HR,Croatia,2016,,62,,,,,
dataflow,ESTAT:TEC00114(1.0),GDP per capita in PPS,A,Annual,VI_PPS_EU27_2020_HAB,Volume indices of real expenditure per capita (in PPS_EU27_2020=100),GDP,Gross domestic product,HR,Croatia,2017,,63,,,,,
dataflow,ESTAT:TEC00114(1.0),GDP per capita in PPS,A,Annual,VI_PPS_EU27_2020_HAB,Volume indices of real expenditure per capita (in PPS_EU27_2020=100),GDP,Gross domestic product,HR,Croatia,2018,,64,,,,,
dataflow,ESTAT:TEC00114(1.0),GDP per capita in PPS,A,Annual,VI_PPS_EU27_2020_HAB,Volume indices of real expenditure per capita (in PPS_EU27_2020=100),GDP,Gross domestic product,HR,Croatia,2019,,67,,,,,
dataflow,ESTAT:TEC00114(1.0),GDP per capita in PPS,A,Annual,VI_PPS_EU27_2020_HAB,Volume indices of real expenditure per capita (in PPS_EU27_2020=100),GDP,Gross domestic product,HR,Croatia,2020,,66,,,,,
dataflow,ESTAT:TEC00114(1.0),GDP per capita in PPS,A,Annual,VI_PPS_EU27_2020_HAB,Volume indices of real expenditure per capita (in PPS_EU27_2020=100),GDP,Gross domestic product,HR,Croatia,2021,,70,,,,,
dataflow,ESTAT:TEC00114(1.0),GDP per capita in PPS,A,Annual,VI_PPS_EU27_2020_HAB,Volume indices of real expenditure per capita (in PPS_EU27_2020=100),GDP,Gross domestic product,HR,Croatia,2022,,72,,,,,
dataflow,ESTAT:TEC00114(1.0),GDP per capita in PPS,A,Annual,VI_PPS_EU27_2020_HAB,Volume indices of real expenditure per capita (in PPS_EU27_2020=100),GDP,Gross domestic product,HR,Croatia,2023,,78,,,,,
dataflow,ESTAT:TEC00114(1.0),GDP per capita in PPS,A,Annual,VI_PPS_EU27_2020_HAB,Volume indices of real expenditure per capita (in PPS_EU27_2020=100),GDP,Gross domestic product,HR,Croatia,2024,,78,,p,provisional,,
dataflow,ESTAT:TEC00114(1.0),GDP per capita in PPS,A,Annual,VI_PPS_EU27_2020_HAB,Volume indices of real expenditure per capita (in PPS_EU27_2020=100),GDP,Gross domestic product,HU,Hungary,2013,,68,,,,,
dataflow,ESTAT:TEC00114(1.0),GDP per capita in PPS,A,Annual,VI_PPS_EU27_2020_HAB,Volume indices of real expenditure per capita (in PPS_EU27_2020=100),GDP,Gross domestic product,HU,Hungary,2014,,69,,,,,
dataflow,ESTAT:TEC00114(1.0),GDP per capita in PPS,A,Annual,VI_PPS_EU27_2020_HAB,Volume indices of real expenditure per capita (in PPS_EU27_2020=100),GDP,Gross domestic product,HU,Hungary,2015,,70,,,,,
dataflow,ESTAT:TEC00114(1.0),GDP per capita in PPS,A,Annual,VI_PPS_EU27_2020_HAB,Volume indices of real expenditure per capita (in PPS_EU27_2020=100),GDP,Gross domestic product,HU,Hungary,2016,,69,,,,,
dataflow,ESTAT:TEC00114(1.0),GDP per capita in PPS,A,Annual,VI_PPS_EU27_2020_HAB,Volume indices of real expenditure per capita (in PPS_EU27_2020=100),GDP,Gross domestic product,HU,Hungary,2017,,69,,,,,
dataflow,ESTAT:TEC00114(1.0),GDP per capita in PPS,A,Annual,VI_PPS_EU27_2020_HAB,Volume indices of real expenditure per capita (in PPS_EU27_2020=100),GDP,Gross domestic product,HU,Hungary,2018,,72,,,,,
dataflow,ESTAT:TEC00114(1.0),GDP per capita in PPS,A,Annual,VI_PPS_EU27_2020_HAB,Volume indices of real expenditure per capita (in PPS_EU27_2020=100),GDP,Gross domestic product,HU,Hungary,2019,,73,,,,,
dataflow,ESTAT:TEC00114(1.0),GDP per capita in PPS,A,Annual,VI_PPS_EU27_2020_HAB,Volume indices of real expenditure per capita (in PPS_EU27_2020=100),GDP,Gross domestic product,HU,Hungary,2020,,75,,,,,
dataflow,ESTAT:TEC00114(1.0),GDP per capita in PPS,A,Annual,VI_PPS_EU27_2020_HAB,Volume indices of real expenditure per capita (in PPS_EU27_2020=100),GDP,Gross domestic product,HU,Hungary,2021,,75,,,,,
dataflow,ESTAT:TEC00114(1.0),GDP per capita in PPS,A,Annual,VI_PPS_EU27_2020_HAB,Volume indices of real expenditure per capita (in PPS_EU27_2020=100),GDP,Gross domestic product,HU,Hungary,2022,,76,,,,,
dataflow,ESTAT:TEC00114(1.0),GDP per capita in PPS,A,Annual,VI_PPS_EU27_2020_HAB,Volume indices of real expenditure per capita (in PPS_EU27_2020=100),GDP,Gross domestic product,HU,Hungary,2023,,76,,,,,
dataflow,ESTAT:TEC00114(1.0),GDP per capita in PPS,A,Annual,VI_PPS_EU27_2020_HAB,Volume indices of real expenditure per capita (in PPS_EU27_2020=100),GDP,Gross domestic product,HU,Hungary,2024,,76,,p,provisional,,
dataflow,ESTAT:TEC00114(1.0),GDP per capita in PPS,A,Annual,VI_PPS_EU27_2020_HAB,Volume indices of real expenditure per capita (in PPS_EU27_2020=100),GDP,Gross domestic product,IE,Ireland,2013,,134,,,,,
dataflow,ESTAT:TEC00114(1.0),GDP per capita in PPS,A,Annual,VI_PPS_EU27_2020_HAB,Volume indices of real expenditure per capita (in PPS_EU27_2020=100),GDP,Gross domestic product,IE,Ireland,2014,,141,,,,,
dataflow,ESTAT:TEC00114(1.0),GDP per capita in PPS,A,Annual,VI_PPS_EU27_2020_HAB,Volume indices of real expenditure per capita (in PPS_EU27_2020=100),GDP,Gross domestic product,IE,Ireland,2015,,185,,,,,
dataflow,ESTAT:TEC00114(1.0),GDP per capita in PPS,A,Annual,VI_PPS_EU27_2020_HAB,Volume indices of real expenditure per capita (in PPS_EU27_2020=100),GDP,Gross domestic product,IE,Ireland,2016,,178,,,,,
dataflow,ESTAT:TEC00114(1.0),GDP per capita in PPS,A,Annual,VI_PPS_EU27_2020_HAB,Volume indices of real expenditure per capita (in PPS_EU27_2020=100),GDP,Gross domestic product,IE,Ireland,2017,,187,,,,,
dataflow,ESTAT:TEC00114(1.0),GDP per capita in PPS,A,Annual,VI_PPS_EU27_2020_HAB,Volume indices of real expenditure per capita (in PPS_EU27_2020=100),GDP,Gross domestic product,IE,Ireland,2018,,192,,,,,
dataflow,ESTAT:TEC00114(1.0),GDP per capita in PPS,A,Annual,VI_PPS_EU27_2020_HAB,Volume indices of real expenditure per capita (in PPS_EU27_2020=100),GDP,Gross domestic product,IE,Ireland,2019,,190,,,,,
dataflow,ESTAT:TEC00114(1.0),GDP per capita in PPS,A,Annual,VI_PPS_EU27_2020_HAB,Volume indices of real expenditure per capita (in PPS_EU27_2020=100),GDP,Gross domestic product,IE,Ireland,2020,,205,,,,,
dataflow,ESTAT:TEC00114(1.0),GDP per capita in PPS,A,Annual,VI_PPS_EU27_2020_HAB,Volume indices of real expenditure per capita (in PPS_EU27_2020=100),GDP,Gross domestic product,IE,Ireland,2021,,225,,,,,
dataflow,ESTAT:TEC00114(1.0),GDP per capita in PPS,A,Annual,VI_PPS_EU27_2020_HAB,Volume indices of real expenditure per capita (in PPS_EU27_2020=100),GDP,Gross domestic product,IE,Ireland,2022,,237,,,,,
dataflow,ESTAT:TEC00114(1.0),GDP per capita in PPS,A,Annual,VI_PPS_EU27_2020_HAB,Volume indices of real expenditure per capita (in PPS_EU27_2020=100),GDP,Gross domestic product,IE,Ireland,2023,,218,,,,,
dataflow,ESTAT:TEC00114(1.0),GDP per capita in PPS,A,Annual,VI_PPS_EU27_2020_HAB,Volume indices of real expenditure per capita (in PPS_EU27_2020=100),GDP,Gross domestic product,IE,Ireland,2024,,221,,,,,
dataflow,ESTAT:TEC00114(1.0),GDP per capita in PPS,A,Annual,VI_PPS_EU27_2020_HAB,Volume indices of real expenditure per capita (in PPS_EU27_2020=100),GDP,Gross domestic product,IS,Iceland,2013,,125,,,,,
dataflow,ESTAT:TEC00114(1.0),GDP per capita in PPS,A,Annual,VI_PPS_EU27_2020_HAB,Volume indices of real expenditure per capita (in PPS_EU27_2020=100),GDP,Gross domestic product,IS,Iceland,2014,,126,,,,,
dataflow,ESTAT:TEC00114(1.0),GDP per capita in PPS,A,Annual,VI_PPS_EU27_2020_HAB,Volume indices of real expenditure per capita (in PPS_EU27_2020=100),GDP,Gross domestic product,IS,Iceland,2015,,131,,,,,
dataflow,ESTAT:TEC00114(1.0),GDP per capita in PPS,A,Annual,VI_PPS_EU27_2020_HAB,Volume indices of real expenditure per capita (in PPS_EU27_2020=100),GDP,Gross domestic product,IS,Iceland,2016,,135,,,,,
dataflow,ESTAT:TEC00114(1.0),GDP per capita in PPS,A,Annual,VI_PPS_EU27_2020_HAB,Volume indices of real expenditure per capita (in PPS_EU27_2020=100),GDP,Gross domestic product,IS,Iceland,2017,,133,,,,,
dataflow,ESTAT:TEC00114(1.0),GDP per capita in PPS,A,Annual,VI_PPS_EU27_2020_HAB,Volume indices of real expenditure per capita (in PPS_EU27_2020=100),GDP,Gross domestic product,IS,Iceland,2018,,131,,,,,
dataflow,ESTAT:TEC00114(1.0),GDP per capita in PPS,A,Annual,VI_PPS_EU27_2020_HAB,Volume indices of real expenditure per capita (in PPS_EU27_2020=100),GDP,Gross domestic product,IS,Iceland,2019,,129,,,,,
dataflow,ESTAT:TEC00114(1.0),GDP per capita in PPS,A,Annual,VI_PPS_EU27_2020_HAB,Volume indices of real expenditure per capita (in PPS_EU27_2020=100),GDP,Gross domestic product,IS,Iceland,2020,,123,,,,,
dataflow,ESTAT:TEC00114(1.0),GDP per capita in PPS,A,Annual,VI_PPS_EU27_2020_HAB,Volume indices of real expenditure per capita (in PPS_EU27_2020=100),GDP,Gross domestic product,IS,Iceland,2021,,124,,,,,
dataflow,ESTAT:TEC00114(1.0),GDP per capita in PPS,A,Annual,VI_PPS_EU27_2020_HAB,Volume indices of real expenditure per capita (in PPS_EU27_2020=100),GDP,Gross domestic product,IS,Iceland,2022,,135,,,,,
dataflow,ESTAT:TEC00114(1.0),GDP per capita in PPS,A,Annual,VI_PPS_EU27_2020_HAB,Volume indices of real expenditure per capita (in PPS_EU27_2020=100),GDP,Gross domestic product,IS,Iceland,2023,,136,,,,,
dataflow,ESTAT:TEC00114(1.0),GDP per capita in PPS,A,Annual,VI_PPS_EU27_2020_HAB,Volume indices of real expenditure per capita (in PPS_EU27_2020=100),GDP,Gross domestic product,IS,Iceland,2024,,131,,,,,
dataflow,ESTAT:TEC00114(1.0),GDP per capita in PPS,A,Annual,VI_PPS_EU27_2020_HAB,Volume indices of real expenditure per capita (in PPS_EU27_2020=100),GDP,Gross domestic product,IT,Italy,2013,,100,,,,,
dataflow,ESTAT:TEC00114(1.0),GDP per capita in PPS,A,Annual,VI_PPS_EU27_2020_HAB,Volume indices of real expenditure per capita (in PPS_EU27_2020=100),GDP,Gross domestic product,IT,Italy,2014,,98,,,,,
dataflow,ESTAT:TEC00114(1.0),GDP per capita in PPS,A,Annual,VI_PPS_EU27_2020_HAB,Volume indices of real expenditure per capita (in PPS_EU27_2020=100),GDP,Gross domestic product,IT,Italy,2015,,97,,,,,
dataflow,ESTAT:TEC00114(1.0),GDP per capita in PPS,A,Annual,VI_PPS_EU27_2020_HAB,Volume indices of real expenditure per capita (in PPS_EU27_2020=100),GDP,Gross domestic product,IT,Italy,2016,,99,,,,,
dataflow,ESTAT:TEC00114(1.0),GDP per capita in PPS,A,Annual,VI_PPS_EU27_2020_HAB,Volume indices of real expenditure per capita (in PPS_EU27_2020=100),GDP,Gross domestic product,IT,Italy,2017,,98,,,,,
dataflow,ESTAT:TEC00114(1.0),GDP per capita in PPS,A,Annual,VI_PPS_EU27_2020_HAB,Volume indices of real expenditure per capita (in PPS_EU27_2020=100),GDP,Gross domestic product,IT,Italy,2018,,97,,,,,
dataflow,ESTAT:TEC00114(1.0),GDP per capita in PPS,A,Annual,VI_PPS_EU27_2020_HAB,Volume indices of real expenditure per capita (in PPS_EU27_2020=100),GDP,Gross domestic product,IT,Italy,2019,,96,,,,,
dataflow,ESTAT:TEC00114(1.0),GDP per capita in PPS,A,Annual,VI_PPS_EU27_2020_HAB,Volume indices of real expenditure per capita (in PPS_EU27_2020=100),GDP,Gross domestic product,IT,Italy,2020,,93,,,,,
dataflow,ESTAT:TEC00114(1.0),GDP per capita in PPS,A,Annual,VI_PPS_EU27_2020_HAB,Volume indices of real expenditure per capita (in PPS_EU27_2020=100),GDP,Gross domestic product,IT,Italy,2021,,96,,,,,
dataflow,ESTAT:TEC00114(1.0),GDP per capita in PPS,A,Annual,VI_PPS_EU27_2020_HAB,Volume indices of real expenditure per capita (in PPS_EU27_2020=100),GDP,Gross domestic product,IT,Italy,2022,,98,,,,,
dataflow,ESTAT:TEC00114(1.0),GDP per capita in PPS,A,Annual,VI_PPS_EU27_2020_HAB,Volume indices of real expenditure per capita (in PPS_EU27_2020=100),GDP,Gross domestic product,IT,Italy,2023,,98,,,,,
dataflow,ESTAT:TEC00114(1.0),GDP per capita in PPS,A,Annual,VI_PPS_EU27_2020_HAB,Volume indices of real expenditure per capita (in PPS_EU27_2020=100),GDP,Gross domestic product,IT,Italy,2024,,98,,,,,
dataflow,ESTAT:TEC00114(1.0),GDP per capita in PPS,A,Annual,VI_PPS_EU27_2020_HAB,Volume indices of real expenditure per capita (in PPS_EU27_2020=100),GDP,Gross domestic product,LT,Lithuania,2013,,73,,,,,
dataflow,ESTAT:TEC00114(1.0),GDP per capita in PPS,A,Annual,VI_PPS_EU27_2020_HAB,Volume indices of real expenditure per capita (in PPS_EU27_2020=100),GDP,Gross domestic product,LT,Lithuania,2014,,75,,,,,
dataflow,ESTAT:TEC00114(1.0),GDP per capita in PPS,A,Annual,VI_PPS_EU27_2020_HAB,Volume indices of real expenditure per capita (in PPS_EU27_2020=100),GDP,Gross domestic product,LT,Lithuania,2015,,75,,,,,
dataflow,ESTAT:TEC00114(1.0),GDP per capita in PPS,A,Annual,VI_PPS_EU27_2020_HAB,Volume indices of real expenditure per capita (in PPS_EU27_2020=100),GDP,Gross domestic product,LT,Lithuania,2016,,75,,,,,
dataflow,ESTAT:TEC00114(1.0),GDP per capita in PPS,A,Annual,VI_PPS_EU27_2020_HAB,Volume indices of real expenditure per capita (in PPS_EU27_2020=100),GDP,Gross domestic product,LT,Lithuania,2017,,78,,,,,
dataflow,ESTAT:TEC00114(1.0),GDP per capita in PPS,A,Annual,VI_PPS_EU27_2020_HAB,Volume indices of real expenditure per capita (in PPS_EU27_2020=100),GDP,Gross domestic product,LT,Lithuania,2018,,81,,,,,
dataflow,ESTAT:TEC00114(1.0),GDP per capita in PPS,A,Annual,VI_PPS_EU27_2020_HAB,Volume indices of real expenditure per capita (in PPS_EU27_2020=100),GDP,Gross domestic product,LT,Lithuania,2019,,83,,,,,
dataflow,ESTAT:TEC00114(1.0),GDP per capita in PPS,A,Annual,VI_PPS_EU27_2020_HAB,Volume indices of real expenditure per capita (in PPS_EU27_2020=100),GDP,Gross domestic product,LT,Lithuania,2020,,87,,,,,
dataflow,ESTAT:TEC00114(1.0),GDP per capita in PPS,A,Annual,VI_PPS_EU27_2020_HAB,Volume indices of real expenditure per capita (in PPS_EU27_2020=100),GDP,Gross domestic product,LT,Lithuania,2021,,88,,,,,
dataflow,ESTAT:TEC00114(1.0),GDP per capita in PPS,A,Annual,VI_PPS_EU27_2020_HAB,Volume indices of real expenditure per capita (in PPS_EU27_2020=100),GDP,Gross domestic product,LT,Lithuania,2022,,87,,,,,
dataflow,ESTAT:TEC00114(1.0),GDP per capita in PPS,A,Annual,VI_PPS_EU27_2020_HAB,Volume indices of real expenditure per capita (in PPS_EU27_2020=100),GDP,Gross domestic product,LT,Lithuania,2023,,86,,,,,
dataflow,ESTAT:TEC00114(1.0),GDP per capita in PPS,A,Annual,VI_PPS_EU27_2020_HAB,Volume indices of real expenditure per capita (in PPS_EU27_2020=100),GDP,Gross domestic product,LT,Lithuania,2024,,87,,,,,
dataflow,ESTAT:TEC00114(1.0),GDP per capita in PPS,A,Annual,VI_PPS_EU27_2020_HAB,Volume indices of real expenditure per capita (in PPS_EU27_2020=100),GDP,Gross domestic product,LU,Luxembourg,2013,,277,,,,,
dataflow,ESTAT:TEC00114(1.0),GDP per capita in PPS,A,Annual,VI_PPS_EU27_2020_HAB,Volume indices of real expenditure per capita (in PPS_EU27_2020=100),GDP,Gross domestic product,LU,Luxembourg,2014,,280,,,,,
dataflow,ESTAT:TEC00114(1.0),GDP per capita in PPS,A,Annual,VI_PPS_EU27_2020_HAB,Volume indices of real expenditure per capita (in PPS_EU27_2020=100),GDP,Gross domestic product,LU,Luxembourg,2015,,279,,,,,
dataflow,ESTAT:TEC00114(1.0),GDP per capita in PPS,A,Annual,VI_PPS_EU27_2020_HAB,Volume indices of real expenditure per capita (in PPS_EU27_2020=100),GDP,Gross domestic product,LU,Luxembourg,2016,,276,,,,,
dataflow,ESTAT:TEC00114(1.0),GDP per capita in PPS,A,Annual,VI_PPS_EU27_2020_HAB,Volume indices of real expenditure per capita (in PPS_EU27_2020=100),GDP,Gross domestic product,LU,Luxembourg,2017,,266,,,,,
dataflow,ESTAT:TEC00114(1.0),GDP per capita in PPS,A,Annual,VI_PPS_EU27_2020_HAB,Volume indices of real expenditure per capita (in PPS_EU27_2020=100),GDP,Gross domestic product,LU,Luxembourg,2018,,258,,,,,
dataflow,ESTAT:TEC00114(1.0),GDP per capita in PPS,A,Annual,VI_PPS_EU27_2020_HAB,Volume indices of real expenditure per capita (in PPS_EU27_2020=100),GDP,Gross domestic product,LU,Luxembourg,2019,,249,,,,,
dataflow,ESTAT:TEC00114(1.0),GDP per capita in PPS,A,Annual,VI_PPS_EU27_2020_HAB,Volume indices of real expenditure per capita (in PPS_EU27_2020=100),GDP,Gross domestic product,LU,Luxembourg,2020,,256,,,,,
dataflow,ESTAT:TEC00114(1.0),GDP per capita in PPS,A,Annual,VI_PPS_EU27_2020_HAB,Volume indices of real expenditure per capita (in PPS_EU27_2020=100),GDP,Gross domestic product,LU,Luxembourg,2021,,263,,,,,
dataflow,ESTAT:TEC00114(1.0),GDP per capita in PPS,A,Annual,VI_PPS_EU27_2020_HAB,Volume indices of real expenditure per capita (in PPS_EU27_2020=100),GDP,Gross domestic product,LU,Luxembourg,2022,,250,,,,,
dataflow,ESTAT:TEC00114(1.0),GDP per capita in PPS,A,Annual,VI_PPS_EU27_2020_HAB,Volume indices of real expenditure per capita (in PPS_EU27_2020=100),GDP,Gross domestic product,LU,Luxembourg,2023,,248,,,,,
dataflow,ESTAT:TEC00114(1.0),GDP per capita in PPS,A,Annual,VI_PPS_EU27_2020_HAB,Volume indices of real expenditure per capita (in PPS_EU27_2020=100),GDP,Gross domestic product,LU,Luxembourg,2024,,245,,,,,
dataflow,ESTAT:TEC00114(1.0),GDP per capita in PPS,A,Annual,VI_PPS_EU27_2020_HAB,Volume indices of real expenditure per capita (in PPS_EU27_2020=100),GDP,Gross domestic product,LV,Latvia,2013,,60,,,,,
dataflow,ESTAT:TEC00114(1.0),GDP per capita in PPS,A,Annual,VI_PPS_EU27_2020_HAB,Volume indices of real expenditure per capita (in PPS_EU27_2020=100),GDP,Gross domestic product,LV,Latvia,2014,,61,,,,,
dataflow,ESTAT:TEC00114(1.0),GDP per capita in PPS,A,Annual,VI_PPS_EU27_2020_HAB,Volume indices of real expenditure per capita (in PPS_EU27_2020=100),GDP,Gross domestic product,LV,Latvia,2015,,62,,,,,
dataflow,ESTAT:TEC00114(1.0),GDP per capita in PPS,A,Annual,VI_PPS_EU27_2020_HAB,Volume indices of real expenditure per capita (in PPS_EU27_2020=100),GDP,Gross domestic product,LV,Latvia,2016,,63,,,,,
dataflow,ESTAT:TEC00114(1.0),GDP per capita in PPS,A,Annual,VI_PPS_EU27_2020_HAB,Volume indices of real expenditure per capita (in PPS_EU27_2020=100),GDP,Gross domestic product,LV,Latvia,2017,,64,,,,,
dataflow,ESTAT:TEC00114(1.0),GDP per capita in PPS,A,Annual,VI_PPS_EU27_2020_HAB,Volume indices of real expenditure per capita (in PPS_EU27_2020=100),GDP,Gross domestic product,LV,Latvia,2018,,66,,,,,
dataflow,ESTAT:TEC00114(1.0),GDP per capita in PPS,A,Annual,VI_PPS_EU27_2020_HAB,Volume indices of real expenditure per capita (in PPS_EU27_2020=100),GDP,Gross domestic product,LV,Latvia,2019,,66,,,,,
dataflow,ESTAT:TEC00114(1.0),GDP per capita in PPS,A,Annual,VI_PPS_EU27_2020_HAB,Volume indices of real expenditure per capita (in PPS_EU27_2020=100),GDP,Gross domestic product,LV,Latvia,2020,,69,,,,,
dataflow,ESTAT:TEC00114(1.0),GDP per capita in PPS,A,Annual,VI_PPS_EU27_2020_HAB,Volume indices of real expenditure per capita (in PPS_EU27_2020=100),GDP,Gross domestic product,LV,Latvia,2021,,71,,,,,
dataflow,ESTAT:TEC00114(1.0),GDP per capita in PPS,A,Annual,VI_PPS_EU27_2020_HAB,Volume indices of real expenditure per capita (in PPS_EU27_2020=100),GDP,Gross domestic product,LV,Latvia,2022,,69,,,,,
dataflow,ESTAT:TEC00114(1.0),GDP per capita in PPS,A,Annual,VI_PPS_EU27_2020_HAB,Volume indices of real expenditure per capita (in PPS_EU27_2020=100),GDP,Gross domestic product,LV,Latvia,2023,,70,,,,,
dataflow,ESTAT:TEC00114(1.0),GDP per capita in PPS,A,Annual,VI_PPS_EU27_2020_HAB,Volume indices of real expenditure per capita (in PPS_EU27_2020=100),GDP,Gross domestic product,LV,Latvia,2024,,68,,,,,
dataflow,ESTAT:TEC00114(1.0),GDP per capita in PPS,A,Annual,VI_PPS_EU27_2020_HAB,Volume indices of real expenditure per capita (in PPS_EU27_2020=100),GDP,Gross domestic product,ME,Montenegro,2013,,40,,,,,
dataflow,ESTAT:TEC00114(1.0),GDP per capita in PPS,A,Annual,VI_PPS_EU27_2020_HAB,Volume indices of real expenditure per capita (in PPS_EU27_2020=100),GDP,Gross domestic product,ME,Montenegro,2014,,41,,,,,
dataflow,ESTAT:TEC00114(1.0),GDP per capita in PPS,A,Annual,VI_PPS_EU27_2020_HAB,Volume indices of real expenditure per capita (in PPS_EU27_2020=100),GDP,Gross domestic product,ME,Montenegro,2015,,42,,,,,
dataflow,ESTAT:TEC00114(1.0),GDP per capita in PPS,A,Annual,VI_PPS_EU27_2020_HAB,Volume indices of real expenditure per capita (in PPS_EU27_2020=100),GDP,Gross domestic product,ME,Montenegro,2016,,44,,,,,
dataflow,ESTAT:TEC00114(1.0),GDP per capita in PPS,A,Annual,VI_PPS_EU27_2020_HAB,Volume indices of real expenditure per capita (in PPS_EU27_2020=100),GDP,Gross domestic product,ME,Montenegro,2017,,45,,,,,
dataflow,ESTAT:TEC00114(1.0),GDP per capita in PPS,A,Annual,VI_PPS_EU27_2020_HAB,Volume indices of real expenditure per capita (in PPS_EU27_2020=100),GDP,Gross domestic product,ME,Montenegro,2018,,47,,,,,
dataflow,ESTAT:TEC00114(1.0),GDP per capita in PPS,A,Annual,VI_PPS_EU27_2020_HAB,Volume indices of real expenditure per capita (in PPS_EU27_2020=100),GDP,Gross domestic product,ME,Montenegro,2019,,49,,,,,
dataflow,ESTAT:TEC00114(1.0),GDP per capita in PPS,A,Annual,VI_PPS_EU27_2020_HAB,Volume indices of real expenditure per capita (in PPS_EU27_2020=100),GDP,Gross domestic product,ME,Montenegro,2020,,44,,,,,
dataflow,ESTAT:TEC00114(1.0),GDP per capita in PPS,A,Annual,VI_PPS_EU27_2020_HAB,Volume indices of real expenditure per capita (in PPS_EU27_2020=100),GDP,Gross domestic product,ME,Montenegro,2021,,46,,,,,
dataflow,ESTAT:TEC00114(1.0),GDP per capita in PPS,A,Annual,VI_PPS_EU27_2020_HAB,Volume indices of real expenditure per capita (in PPS_EU27_2020=100),GDP,Gross domestic product,ME,Montenegro,2022,,48,,,,,
dataflow,ESTAT:TEC00114(1.0),GDP per capita in PPS,A,Annual,VI_PPS_EU27_2020_HAB,Volume indices of real expenditure per capita (in PPS_EU27_2020=100),GDP,Gross domestic product,ME,Montenegro,2023,,52,,,,,
dataflow,ESTAT:TEC00114(1.0),GDP per capita in PPS,A,Annual,VI_PPS_EU27_2020_HAB,Volume indices of real expenditure per capita (in PPS_EU27_2020=100),GDP,Gross domestic product,ME,Montenegro,2024,,53,,,,,
dataflow,ESTAT:TEC00114(1.0),GDP per capita in PPS,A,Annual,VI_PPS_EU27_2020_HAB,Volume indices of real expenditure per capita (in PPS_EU27_2020=100),GDP,Gross domestic product,MK,North Macedonia,2013,,38,,,,,
dataflow,ESTAT:TEC00114(1.0),GDP per capita in PPS,A,Annual,VI_PPS_EU27_2020_HAB,Volume indices of real expenditure per capita (in PPS_EU27_2020=100),GDP,Gross domestic product,MK,North Macedonia,2014,,39,,,,,
dataflow,ESTAT:TEC00114(1.0),GDP per capita in PPS,A,Annual,VI_PPS_EU27_2020_HAB,Volume indices of real expenditure per capita (in PPS_EU27_2020=100),GDP,Gross domestic product,MK,North Macedonia,2015,,39,,,,,
dataflow,ESTAT:TEC00114(1.0),GDP per capita in PPS,A,Annual,VI_PPS_EU27_2020_HAB,Volume indices of real expenditure per capita (in PPS_EU27_2020=100),GDP,Gross domestic product,MK,North Macedonia,2016,,40,,,,,
dataflow,ESTAT:TEC00114(1.0),GDP per capita in PPS,A,Annual,VI_PPS_EU27_2020_HAB,Volume indices of real expenditure per capita (in PPS_EU27_2020=100),GDP,Gross domestic product,MK,North Macedonia,2017,,40,,,,,
dataflow,ESTAT:TEC00114(1.0),GDP per capita in PPS,A,Annual,VI_PPS_EU27_2020_HAB,Volume indices of real expenditure per capita (in PPS_EU27_2020=100),GDP,Gross domestic product,MK,North Macedonia,2018,,41,,,,,
dataflow,ESTAT:TEC00114(1.0),GDP per capita in PPS,A,Annual,VI_PPS_EU27_2020_HAB,Volume indices of real expenditure per capita (in PPS_EU27_2020=100),GDP,Gross domestic product,MK,North Macedonia,2019,,42,,,,,
dataflow,ESTAT:TEC00114(1.0),GDP per capita in PPS,A,Annual,VI_PPS_EU27_2020_HAB,Volume indices of real expenditure per capita (in PPS_EU27_2020=100),GDP,Gross domestic product,MK,North Macedonia,2020,,42,,,,,
dataflow,ESTAT:TEC00114(1.0),GDP per capita in PPS,A,Annual,VI_PPS_EU27_2020_HAB,Volume indices of real expenditure per capita (in PPS_EU27_2020=100),GDP,Gross domestic product,MK,North Macedonia,2021,,43,,,,,
dataflow,ESTAT:TEC00114(1.0),GDP per capita in PPS,A,Annual,VI_PPS_EU27_2020_HAB,Volume indices of real expenditure per capita (in PPS_EU27_2020=100),GDP,Gross domestic product,MK,North Macedonia,2022,,41,,,,,
dataflow,ESTAT:TEC00114(1.0),GDP per capita in PPS,A,Annual,VI_PPS_EU27_2020_HAB,Volume indices of real expenditure per capita (in PPS_EU27_2020=100),GDP,Gross domestic product,MK,North Macedonia,2023,,41,,,,,
dataflow,ESTAT:TEC00114(1.0),GDP per capita in PPS,A,Annual,VI_PPS_EU27_2020_HAB,Volume indices of real expenditure per capita (in PPS_EU27_2020=100),GDP,Gross domestic product,MK,North Macedonia,2024,,42,,p,provisional,,
dataflow,ESTAT:TEC00114(1.0),GDP per capita in PPS,A,Annual,VI_PPS_EU27_2020_HAB,Volume indices of real expenditure per capita (in PPS_EU27_2020=100),GDP,Gross domestic product,MT,Malta,2013,,91,,,,,
dataflow,ESTAT:TEC00114(1.0),GDP per capita in PPS,A,Annual,VI_PPS_EU27_2020_HAB,Volume indices of real expenditure per capita (in PPS_EU27_2020=100),GDP,Gross domestic product,MT,Malta,2014,,94,,,,,
dataflow,ESTAT:TEC00114(1.0),GDP per capita in PPS,A,Annual,VI_PPS_EU27_2020_HAB,Volume indices of real expenditure per capita (in PPS_EU27_2020=100),GDP,Gross domestic product,MT,Malta,2015,,99,,,,,
dataflow,ESTAT:TEC00114(1.0),GDP per capita in PPS,A,Annual,VI_PPS_EU27_2020_HAB,Volume indices of real expenditure per capita (in PPS_EU27_2020=100),GDP,Gross domestic product,MT,Malta,2016,,100,,,,,
dataflow,ESTAT:TEC00114(1.0),GDP per capita in PPS,A,Annual,VI_PPS_EU27_2020_HAB,Volume indices of real expenditure per capita (in PPS_EU27_2020=100),GDP,Gross domestic product,MT,Malta,2017,,106,,,,,
dataflow,ESTAT:TEC00114(1.0),GDP per capita in PPS,A,Annual,VI_PPS_EU27_2020_HAB,Volume indices of real expenditure per capita (in PPS_EU27_2020=100),GDP,Gross domestic product,MT,Malta,2018,,107,,,,,
dataflow,ESTAT:TEC00114(1.0),GDP per capita in PPS,A,Annual,VI_PPS_EU27_2020_HAB,Volume indices of real expenditure per capita (in PPS_EU27_2020=100),GDP,Gross domestic product,MT,Malta,2019,,106,,,,,
dataflow,ESTAT:TEC00114(1.0),GDP per capita in PPS,A,Annual,VI_PPS_EU27_2020_HAB,Volume indices of real expenditure per capita (in PPS_EU27_2020=100),GDP,Gross domestic product,MT,Malta,2020,,105,,,,,
dataflow,ESTAT:TEC00114(1.0),GDP per capita in PPS,A,Annual,VI_PPS_EU27_2020_HAB,Volume indices of real expenditure per capita (in PPS_EU27_2020=100),GDP,Gross domestic product,MT,Malta,2021,,109,,,,,
dataflow,ESTAT:TEC00114(1.0),GDP per capita in PPS,A,Annual,VI_PPS_EU27_2020_HAB,Volume indices of real expenditure per capita (in PPS_EU27_2020=100),GDP,Gross domestic product,MT,Malta,2022,,103,,,,,
dataflow,ESTAT:TEC00114(1.0),GDP per capita in PPS,A,Annual,VI_PPS_EU27_2020_HAB,Volume indices of real expenditure per capita (in PPS_EU27_2020=100),GDP,Gross domestic product,MT,Malta,2023,,109,,,,,
dataflow,ESTAT:TEC00114(1.0),GDP per capita in PPS,A,Annual,VI_PPS_EU27_2020_HAB,Volume indices of real expenditure per capita (in PPS_EU27_2020=100),GDP,Gross domestic product,MT,Malta,2024,,110,,,,,
dataflow,ESTAT:TEC00114(1.0),GDP per capita in PPS,A,Annual,VI_PPS_EU27_2020_HAB,Volume indices of real expenditure per capita (in PPS_EU27_2020=100),GDP,Gross domestic product,NL,Netherlands,2013,,136,,,,,
dataflow,ESTAT:TEC00114(1.0),GDP per capita in PPS,A,Annual,VI_PPS_EU27_2020_HAB,Volume indices of real expenditure per capita (in PPS_EU27_2020=100),GDP,Gross domestic product,NL,Netherlands,2014,,133,,,,,
dataflow,ESTAT:TEC00114(1.0),GDP per capita in PPS,A,Annual,VI_PPS_EU27_2020_HAB,Volume indices of real expenditure per capita (in PPS_EU27_2020=100),GDP,Gross domestic product,NL,Netherlands,2015,,132,,,,,
dataflow,ESTAT:TEC00114(1.0),GDP per capita in PPS,A,Annual,VI_PPS_EU27_2020_HAB,Volume indices of real expenditure per capita (in PPS_EU27_2020=100),GDP,Gross domestic product,NL,Netherlands,2016,,130,,,,,
dataflow,ESTAT:TEC00114(1.0),GDP per capita in PPS,A,Annual,VI_PPS_EU27_2020_HAB,Volume indices of real expenditure per capita (in PPS_EU27_2020=100),GDP,Gross domestic product,NL,Netherlands,2017,,130,,,,,
dataflow,ESTAT:TEC00114(1.0),GDP per capita in PPS,A,Annual,VI_PPS_EU27_2020_HAB,Volume indices of real expenditure per capita (in PPS_EU27_2020=100),GDP,Gross domestic product,NL,Netherlands,2018,,130,,,,,
dataflow,ESTAT:TEC00114(1.0),GDP per capita in PPS,A,Annual,VI_PPS_EU27_2020_HAB,Volume indices of real expenditure per capita (in PPS_EU27_2020=100),GDP,Gross domestic product,NL,Netherlands,2019,,128,,,,,
dataflow,ESTAT:TEC00114(1.0),GDP per capita in PPS,A,Annual,VI_PPS_EU27_2020_HAB,Volume indices of real expenditure per capita (in PPS_EU27_2020=100),GDP,Gross domestic product,NL,Netherlands,2020,,131,,,,,
dataflow,ESTAT:TEC00114(1.0),GDP per capita in PPS,A,Annual,VI_PPS_EU27_2020_HAB,Volume indices of real expenditure per capita (in PPS_EU27_2020=100),GDP,Gross domestic product,NL,Netherlands,2021,,132,,,,,
dataflow,ESTAT:TEC00114(1.0),GDP per capita in PPS,A,Annual,VI_PPS_EU27_2020_HAB,Volume indices of real expenditure per capita (in PPS_EU27_2020=100),GDP,Gross domestic product,NL,Netherlands,2022,,134,,,,,
dataflow,ESTAT:TEC00114(1.0),GDP per capita in PPS,A,Annual,VI_PPS_EU27_2020_HAB,Volume indices of real expenditure per capita (in PPS_EU27_2020=100),GDP,Gross domestic product,NL,Netherlands,2023,,131,,,,,
dataflow,ESTAT:TEC00114(1.0),GDP per capita in PPS,A,Annual,VI_PPS_EU27_2020_HAB,Volume indices of real expenditure per capita (in PPS_EU27_2020=100),GDP,Gross domestic product,NL,Netherlands,2024,,134,,,,,
dataflow,ESTAT:TEC00114(1.0),GDP per capita in PPS,A,Annual,VI_PPS_EU27_2020_HAB,Volume indices of real expenditure per capita (in PPS_EU27_2020=100),GDP,Gross domestic product,NO,Norway,2013,,185,,,,,
dataflow,ESTAT:TEC00114(1.0),GDP per capita in PPS,A,Annual,VI_PPS_EU27_2020_HAB,Volume indices of real expenditure per capita (in PPS_EU27_2020=100),GDP,Gross domestic product,NO,Norway,2014,,177,,,,,
dataflow,ESTAT:TEC00114(1.0),GDP per capita in PPS,A,Annual,VI_PPS_EU27_2020_HAB,Volume indices of real expenditure per capita (in PPS_EU27_2020=100),GDP,Gross domestic product,NO,Norway,2015,,157,,,,,
dataflow,ESTAT:TEC00114(1.0),GDP per capita in PPS,A,Annual,VI_PPS_EU27_2020_HAB,Volume indices of real expenditure per capita (in PPS_EU27_2020=100),GDP,Gross domestic product,NO,Norway,2016,,145,,,,,
dataflow,ESTAT:TEC00114(1.0),GDP per capita in PPS,A,Annual,VI_PPS_EU27_2020_HAB,Volume indices of real expenditure per capita (in PPS_EU27_2020=100),GDP,Gross domestic product,NO,Norway,2017,,150,,,,,
dataflow,ESTAT:TEC00114(1.0),GDP per capita in PPS,A,Annual,VI_PPS_EU27_2020_HAB,Volume indices of real expenditure per capita (in PPS_EU27_2020=100),GDP,Gross domestic product,NO,Norway,2018,,156,,,,,
dataflow,ESTAT:TEC00114(1.0),GDP per capita in PPS,A,Annual,VI_PPS_EU27_2020_HAB,Volume indices of real expenditure per capita (in PPS_EU27_2020=100),GDP,Gross domestic product,NO,Norway,2019,,146,,,,,
dataflow,ESTAT:TEC00114(1.0),GDP per capita in PPS,A,Annual,VI_PPS_EU27_2020_HAB,Volume indices of real expenditure per capita (in PPS_EU27_2020=100),GDP,Gross domestic product,NO,Norway,2020,,141,,,,,
dataflow,ESTAT:TEC00114(1.0),GDP per capita in PPS,A,Annual,VI_PPS_EU27_2020_HAB,Volume indices of real expenditure per capita (in PPS_EU27_2020=100),GDP,Gross domestic product,NO,Norway,2021,,171,,,,,
dataflow,ESTAT:TEC00114(1.0),GDP per capita in PPS,A,Annual,VI_PPS_EU27_2020_HAB,Volume indices of real expenditure per capita (in PPS_EU27_2020=100),GDP,Gross domestic product,NO,Norway,2022,,214,,,,,
dataflow,ESTAT:TEC00114(1.0),GDP per capita in PPS,A,Annual,VI_PPS_EU27_2020_HAB,Volume indices of real expenditure per capita (in PPS_EU27_2020=100),GDP,Gross domestic product,NO,Norway,2023,,169,,,,,
dataflow,ESTAT:TEC00114(1.0),GDP per capita in PPS,A,Annual,VI_PPS_EU27_2020_HAB,Volume indices of real expenditure per capita (in PPS_EU27_2020=100),GDP,Gross domestic product,NO,Norway,2024,,160,,,,,
dataflow,ESTAT:TEC00114(1.0),GDP per capita in PPS,A,Annual,VI_PPS_EU27_2020_HAB,Volume indices of real expenditure per capita (in PPS_EU27_2020=100),GDP,Gross domestic product,PL,Poland,2013,,67,,,,,
dataflow,ESTAT:TEC00114(1.0),GDP per capita in PPS,A,Annual,VI_PPS_EU27_2020_HAB,Volume indices of real expenditure per capita (in PPS_EU27_2020=100),GDP,Gross domestic product,PL,Poland,2014,,68,,,,,
dataflow,ESTAT:TEC00114(1.0),GDP per capita in PPS,A,Annual,VI_PPS_EU27_2020_HAB,Volume indices of real expenditure per capita (in PPS_EU27_2020=100),GDP,Gross domestic product,PL,Poland,2015,,70,,,,,
dataflow,ESTAT:TEC00114(1.0),GDP per capita in PPS,A,Annual,VI_PPS_EU27_2020_HAB,Volume indices of real expenditure per capita (in PPS_EU27_2020=100),GDP,Gross domestic product,PL,Poland,2016,,69,,,,,
dataflow,ESTAT:TEC00114(1.0),GDP per capita in PPS,A,Annual,VI_PPS_EU27_2020_HAB,Volume indices of real expenditure per capita (in PPS_EU27_2020=100),GDP,Gross domestic product,PL,Poland,2017,,70,,,,,
dataflow,ESTAT:TEC00114(1.0),GDP per capita in PPS,A,Annual,VI_PPS_EU27_2020_HAB,Volume indices of real expenditure per capita (in PPS_EU27_2020=100),GDP,Gross domestic product,PL,Poland,2018,,72,,,,,
dataflow,ESTAT:TEC00114(1.0),GDP per capita in PPS,A,Annual,VI_PPS_EU27_2020_HAB,Volume indices of real expenditure per capita (in PPS_EU27_2020=100),GDP,Gross domestic product,PL,Poland,2019,,74,,,,,
dataflow,ESTAT:TEC00114(1.0),GDP per capita in PPS,A,Annual,VI_PPS_EU27_2020_HAB,Volume indices of real expenditure per capita (in PPS_EU27_2020=100),GDP,Gross domestic product,PL,Poland,2020,,79,,,,,
dataflow,ESTAT:TEC00114(1.0),GDP per capita in PPS,A,Annual,VI_PPS_EU27_2020_HAB,Volume indices of real expenditure per capita (in PPS_EU27_2020=100),GDP,Gross domestic product,PL,Poland,2021,,79,,,,,
dataflow,ESTAT:TEC00114(1.0),GDP per capita in PPS,A,Annual,VI_PPS_EU27_2020_HAB,Volume indices of real expenditure per capita (in PPS_EU27_2020=100),GDP,Gross domestic product,PL,Poland,2022,,78,,,,,
dataflow,ESTAT:TEC00114(1.0),GDP per capita in PPS,A,Annual,VI_PPS_EU27_2020_HAB,Volume indices of real expenditure per capita (in PPS_EU27_2020=100),GDP,Gross domestic product,PL,Poland,2023,,77,,,,,
dataflow,ESTAT:TEC00114(1.0),GDP per capita in PPS,A,Annual,VI_PPS_EU27_2020_HAB,Volume indices of real expenditure per capita (in PPS_EU27_2020=100),GDP,Gross domestic product,PL,Poland,2024,,78,,,,,
dataflow,ESTAT:TEC00114(1.0),GDP per capita in PPS,A,Annual,VI_PPS_EU27_2020_HAB,Volume indices of real expenditure per capita (in PPS_EU27_2020=100),GDP,Gross domestic product,PT,Portugal,2013,,77,,,,,
dataflow,ESTAT:TEC00114(1.0),GDP per capita in PPS,A,Annual,VI_PPS_EU27_2020_HAB,Volume indices of real expenditure per capita (in PPS_EU27_2020=100),GDP,Gross domestic product,PT,Portugal,2014,,77,,,,,
dataflow,ESTAT:TEC00114(1.0),GDP per capita in PPS,A,Annual,VI_PPS_EU27_2020_HAB,Volume indices of real expenditure per capita (in PPS_EU27_2020=100),GDP,Gross domestic product,PT,Portugal,2015,,76,,,,,
dataflow,ESTAT:TEC00114(1.0),GDP per capita in PPS,A,Annual,VI_PPS_EU27_2020_HAB,Volume indices of real expenditure per capita (in PPS_EU27_2020=100),GDP,Gross domestic product,PT,Portugal,2016,,77,,,,,
dataflow,ESTAT:TEC00114(1.0),GDP per capita in PPS,A,Annual,VI_PPS_EU27_2020_HAB,Volume indices of real expenditure per capita (in PPS_EU27_2020=100),GDP,Gross domestic product,PT,Portugal,2017,,76,,,,,
dataflow,ESTAT:TEC00114(1.0),GDP per capita in PPS,A,Annual,VI_PPS_EU27_2020_HAB,Volume indices of real expenditure per capita (in PPS_EU27_2020=100),GDP,Gross domestic product,PT,Portugal,2018,,77,,,,,
dataflow,ESTAT:TEC00114(1.0),GDP per capita in PPS,A,Annual,VI_PPS_EU27_2020_HAB,Volume indices of real expenditure per capita (in PPS_EU27_2020=100),GDP,Gross domestic product,PT,Portugal,2019,,77,,,,,
dataflow,ESTAT:TEC00114(1.0),GDP per capita in PPS,A,Annual,VI_PPS_EU27_2020_HAB,Volume indices of real expenditure per capita (in PPS_EU27_2020=100),GDP,Gross domestic product,PT,Portugal,2020,,75,,,,,
dataflow,ESTAT:TEC00114(1.0),GDP per capita in PPS,A,Annual,VI_PPS_EU27_2020_HAB,Volume indices of real expenditure per capita (in PPS_EU27_2020=100),GDP,Gross domestic product,PT,Portugal,2021,,74,,,,,
dataflow,ESTAT:TEC00114(1.0),GDP per capita in PPS,A,Annual,VI_PPS_EU27_2020_HAB,Volume indices of real expenditure per capita (in PPS_EU27_2020=100),GDP,Gross domestic product,PT,Portugal,2022,,77,,,,,
dataflow,ESTAT:TEC00114(1.0),GDP per capita in PPS,A,Annual,VI_PPS_EU27_2020_HAB,Volume indices of real expenditure per capita (in PPS_EU27_2020=100),GDP,Gross domestic product,PT,Portugal,2023,,81,,,,,
dataflow,ESTAT:TEC00114(1.0),GDP per capita in PPS,A,Annual,VI_PPS_EU27_2020_HAB,Volume indices of real expenditure per capita (in PPS_EU27_2020=100),GDP,Gross domestic product,PT,Portugal,2024,,82,,p,provisional,,
dataflow,ESTAT:TEC00114(1.0),GDP per capita in PPS,A,Annual,VI_PPS_EU27_2020_HAB,Volume indices of real expenditure per capita (in PPS_EU27_2020=100),GDP,Gross domestic product,RO,Romania,2013,,54,,,,,
dataflow,ESTAT:TEC00114(1.0),GDP per capita in PPS,A,Annual,VI_PPS_EU27_2020_HAB,Volume indices of real expenditure per capita (in PPS_EU27_2020=100),GDP,Gross domestic product,RO,Romania,2014,,55,,,,,
dataflow,ESTAT:TEC00114(1.0),GDP per capita in PPS,A,Annual,VI_PPS_EU27_2020_HAB,Volume indices of real expenditure per capita (in PPS_EU27_2020=100),GDP,Gross domestic product,RO,Romania,2015,,56,,,,,
dataflow,ESTAT:TEC00114(1.0),GDP per capita in PPS,A,Annual,VI_PPS_EU27_2020_HAB,Volume indices of real expenditure per capita (in PPS_EU27_2020=100),GDP,Gross domestic product,RO,Romania,2016,,58,,,,,
dataflow,ESTAT:TEC00114(1.0),GDP per capita in PPS,A,Annual,VI_PPS_EU27_2020_HAB,Volume indices of real expenditure per capita (in PPS_EU27_2020=100),GDP,Gross domestic product,RO,Romania,2017,,62,,,,,
dataflow,ESTAT:TEC00114(1.0),GDP per capita in PPS,A,Annual,VI_PPS_EU27_2020_HAB,Volume indices of real expenditure per capita (in PPS_EU27_2020=100),GDP,Gross domestic product,RO,Romania,2018,,65,,,,,
dataflow,ESTAT:TEC00114(1.0),GDP per capita in PPS,A,Annual,VI_PPS_EU27_2020_HAB,Volume indices of real expenditure per capita (in PPS_EU27_2020=100),GDP,Gross domestic product,RO,Romania,2019,,69,,,,,
dataflow,ESTAT:TEC00114(1.0),GDP per capita in PPS,A,Annual,VI_PPS_EU27_2020_HAB,Volume indices of real expenditure per capita (in PPS_EU27_2020=100),GDP,Gross domestic product,RO,Romania,2020,,72,,,,,
dataflow,ESTAT:TEC00114(1.0),GDP per capita in PPS,A,Annual,VI_PPS_EU27_2020_HAB,Volume indices of real expenditure per capita (in PPS_EU27_2020=100),GDP,Gross domestic product,RO,Romania,2021,,72,,,,,
dataflow,ESTAT:TEC00114(1.0),GDP per capita in PPS,A,Annual,VI_PPS_EU27_2020_HAB,Volume indices of real expenditure per capita (in PPS_EU27_2020=100),GDP,Gross domestic product,RO,Romania,2022,,72,,,,,
dataflow,ESTAT:TEC00114(1.0),GDP per capita in PPS,A,Annual,VI_PPS_EU27_2020_HAB,Volume indices of real expenditure per capita (in PPS_EU27_2020=100),GDP,Gross domestic product,RO,Romania,2023,,75,,,,,
dataflow,ESTAT:TEC00114(1.0),GDP per capita in PPS,A,Annual,VI_PPS_EU27_2020_HAB,Volume indices of real expenditure per capita (in PPS_EU27_2020=100),GDP,Gross domestic product,RO,Romania,2024,,77,,p,provisional,,
dataflow,ESTAT:TEC00114(1.0),GDP per capita in PPS,A,Annual,VI_PPS_EU27_2020_HAB,Volume indices of real expenditure per capita (in PPS_EU27_2020=100),GDP,Gross domestic product,RS,Serbia,2013,,42,,,,,
dataflow,ESTAT:TEC00114(1.0),GDP per capita in PPS,A,Annual,VI_PPS_EU27_2020_HAB,Volume indices of real expenditure per capita (in PPS_EU27_2020=100),GDP,Gross domestic product,RS,Serbia,2014,,41,,,,,
dataflow,ESTAT:TEC00114(1.0),GDP per capita in PPS,A,Annual,VI_PPS_EU27_2020_HAB,Volume indices of real expenditure per capita (in PPS_EU27_2020=100),GDP,Gross domestic product,RS,Serbia,2015,,40,,,,,
dataflow,ESTAT:TEC00114(1.0),GDP per capita in PPS,A,Annual,VI_PPS_EU27_2020_HAB,Volume indices of real expenditure per capita (in PPS_EU27_2020=100),GDP,Gross domestic product,RS,Serbia,2016,,40,,,,,
dataflow,ESTAT:TEC00114(1.0),GDP per capita in PPS,A,Annual,VI_PPS_EU27_2020_HAB,Volume indices of real expenditure per capita (in PPS_EU27_2020=100),GDP,Gross domestic product,RS,Serbia,2017,,40,,,,,
dataflow,ESTAT:TEC00114(1.0),GDP per capita in PPS,A,Annual,VI_PPS_EU27_2020_HAB,Volume indices of real expenditure per capita (in PPS_EU27_2020=100),GDP,Gross domestic product,RS,Serbia,2018,,41,,,,,
dataflow,ESTAT:TEC00114(1.0),GDP per capita in PPS,A,Annual,VI_PPS_EU27_2020_HAB,Volume indices of real expenditure per capita (in PPS_EU27_2020=100),GDP,Gross domestic product,RS,Serbia,2019,,42,,,,,
dataflow,ESTAT:TEC00114(1.0),GDP per capita in PPS,A,Annual,VI_PPS_EU27_2020_HAB,Volume indices of real expenditure per capita (in PPS_EU27_2020=100),GDP,Gross domestic product,RS,Serbia,2020,,44,,,,,
dataflow,ESTAT:TEC00114(1.0),GDP per capita in PPS,A,Annual,VI_PPS_EU27_2020_HAB,Volume indices of real expenditure per capita (in PPS_EU27_2020=100),GDP,Gross domestic product,RS,Serbia,2021,,45,,,,,
dataflow,ESTAT:TEC00114(1.0),GDP per capita in PPS,A,Annual,VI_PPS_EU27_2020_HAB,Volume indices of real expenditure per capita (in PPS_EU27_2020=100),GDP,Gross domestic product,RS,Serbia,2022,,45,,,,,
dataflow,ESTAT:TEC00114(1.0),GDP per capita in PPS,A,Annual,VI_PPS_EU27_2020_HAB,Volume indices of real expenditure per capita (in PPS_EU27_2020=100),GDP,Gross domestic product,RS,Serbia,2023,,48,,,,,
dataflow,ESTAT:TEC00114(1.0),GDP per capita in PPS,A,Annual,VI_PPS_EU27_2020_HAB,Volume indices of real expenditure per capita (in PPS_EU27_2020=100),GDP,Gross domestic product,RS,Serbia,2024,,52,,p,provisional,,
dataflow,ESTAT:TEC00114(1.0),GDP per capita in PPS,A,Annual,VI_PPS_EU27_2020_HAB,Volume indices of real expenditure per capita (in PPS_EU27_2020=100),GDP,Gross domestic product,SE,Sweden,2013,,127,,,,,
dataflow,ESTAT:TEC00114(1.0),GDP per capita in PPS,A,Annual,VI_PPS_EU27_2020_HAB,Volume indices of real expenditure per capita (in PPS_EU27_2020=100),GDP,Gross domestic product,SE,Sweden,2014,,125,,,,,
dataflow,ESTAT:TEC00114(1.0),GDP per capita in PPS,A,Annual,VI_PPS_EU27_2020_HAB,Volume indices of real expenditure per capita (in PPS_EU27_2020=100),GDP,Gross domestic product,SE,Sweden,2015,,126,,,,,
dataflow,ESTAT:TEC00114(1.0),GDP per capita in PPS,A,Annual,VI_PPS_EU27_2020_HAB,Volume indices of real expenditure per capita (in PPS_EU27_2020=100),GDP,Gross domestic product,SE,Sweden,2016,,123,,,,,
dataflow,ESTAT:TEC00114(1.0),GDP per capita in PPS,A,Annual,VI_PPS_EU27_2020_HAB,Volume indices of real expenditure per capita (in PPS_EU27_2020=100),GDP,Gross domestic product,SE,Sweden,2017,,119,,,,,
dataflow,ESTAT:TEC00114(1.0),GDP per capita in PPS,A,Annual,VI_PPS_EU27_2020_HAB,Volume indices of real expenditure per capita (in PPS_EU27_2020=100),GDP,Gross domestic product,SE,Sweden,2018,,117,,,,,
dataflow,ESTAT:TEC00114(1.0),GDP per capita in PPS,A,Annual,VI_PPS_EU27_2020_HAB,Volume indices of real expenditure per capita (in PPS_EU27_2020=100),GDP,Gross domestic product,SE,Sweden,2019,,117,,,,,
dataflow,ESTAT:TEC00114(1.0),GDP per capita in PPS,A,Annual,VI_PPS_EU27_2020_HAB,Volume indices of real expenditure per capita (in PPS_EU27_2020=100),GDP,Gross domestic product,SE,Sweden,2020,,120,,,,,
dataflow,ESTAT:TEC00114(1.0),GDP per capita in PPS,A,Annual,VI_PPS_EU27_2020_HAB,Volume indices of real expenditure per capita (in PPS_EU27_2020=100),GDP,Gross domestic product,SE,Sweden,2021,,120,,,,,
dataflow,ESTAT:TEC00114(1.0),GDP per capita in PPS,A,Annual,VI_PPS_EU27_2020_HAB,Volume indices of real expenditure per capita (in PPS_EU27_2020=100),GDP,Gross domestic product,SE,Sweden,2022,,113,,,,,
dataflow,ESTAT:TEC00114(1.0),GDP per capita in PPS,A,Annual,VI_PPS_EU27_2020_HAB,Volume indices of real expenditure per capita (in PPS_EU27_2020=100),GDP,Gross domestic product,SE,Sweden,2023,,111,,,,,
dataflow,ESTAT:TEC00114(1.0),GDP per capita in PPS,A,Annual,VI_PPS_EU27_2020_HAB,Volume indices of real expenditure per capita (in PPS_EU27_2020=100),GDP,Gross domestic product,SE,Sweden,2024,,111,,,,,
dataflow,ESTAT:TEC00114(1.0),GDP per capita in PPS,A,Annual,VI_PPS_EU27_2020_HAB,Volume indices of real expenditure per capita (in PPS_EU27_2020=100),GDP,Gross domestic product,SI,Slovenia,2013,,82,,,,,
dataflow,ESTAT:TEC00114(1.0),GDP per capita in PPS,A,Annual,VI_PPS_EU27_2020_HAB,Volume indices of real expenditure per capita (in PPS_EU27_2020=100),GDP,Gross domestic product,SI,Slovenia,2014,,82,,,,,
dataflow,ESTAT:TEC00114(1.0),GDP per capita in PPS,A,Annual,VI_PPS_EU27_2020_HAB,Volume indices of real expenditure per capita (in PPS_EU27_2020=100),GDP,Gross domestic product,SI,Slovenia,2015,,81,,,,,
dataflow,ESTAT:TEC00114(1.0),GDP per capita in PPS,A,Annual,VI_PPS_EU27_2020_HAB,Volume indices of real expenditure per capita (in PPS_EU27_2020=100),GDP,Gross domestic product,SI,Slovenia,2016,,82,,,,,
dataflow,ESTAT:TEC00114(1.0),GDP per capita in PPS,A,Annual,VI_PPS_EU27_2020_HAB,Volume indices of real expenditure per capita (in PPS_EU27_2020=100),GDP,Gross domestic product,SI,Slovenia,2017,,84,,,,,
dataflow,ESTAT:TEC00114(1.0),GDP per capita in PPS,A,Annual,VI_PPS_EU27_2020_HAB,Volume indices of real expenditure per capita (in PPS_EU27_2020=100),GDP,Gross domestic product,SI,Slovenia,2018,,86,,,,,
dataflow,ESTAT:TEC00114(1.0),GDP per capita in PPS,A,Annual,VI_PPS_EU27_2020_HAB,Volume indices of real expenditure per capita (in PPS_EU27_2020=100),GDP,Gross domestic product,SI,Slovenia,2019,,87,,,,,
dataflow,ESTAT:TEC00114(1.0),GDP per capita in PPS,A,Annual,VI_PPS_EU27_2020_HAB,Volume indices of real expenditure per capita (in PPS_EU27_2020=100),GDP,Gross domestic product,SI,Slovenia,2020,,88,,,,,
dataflow,ESTAT:TEC00114(1.0),GDP per capita in PPS,A,Annual,VI_PPS_EU27_2020_HAB,Volume indices of real expenditure per capita (in PPS_EU27_2020=100),GDP,Gross domestic product,SI,Slovenia,2021,,88,,,,,
dataflow,ESTAT:TEC00114(1.0),GDP per capita in PPS,A,Annual,VI_PPS_EU27_2020_HAB,Volume indices of real expenditure per capita (in PPS_EU27_2020=100),GDP,Gross domestic product,SI,Slovenia,2022,,89,,,,,
dataflow,ESTAT:TEC00114(1.0),GDP per capita in PPS,A,Annual,VI_PPS_EU27_2020_HAB,Volume indices of real expenditure per capita (in PPS_EU27_2020=100),GDP,Gross domestic product,SI,Slovenia,2023,,91,,,,,
dataflow,ESTAT:TEC00114(1.0),GDP per capita in PPS,A,Annual,VI_PPS_EU27_2020_HAB,Volume indices of real expenditure per capita (in PPS_EU27_2020=100),GDP,Gross domestic product,SI,Slovenia,2024,,90,,,,,
dataflow,ESTAT:TEC00114(1.0),GDP per capita in PPS,A,Annual,VI_PPS_EU27_2020_HAB,Volume indices of real expenditure per capita (in PPS_EU27_2020=100),GDP,Gross domestic product,SK,Slovakia,2013,,77,,,,,
dataflow,ESTAT:TEC00114(1.0),GDP per capita in PPS,A,Annual,VI_PPS_EU27_2020_HAB,Volume indices of real expenditure per capita (in PPS_EU27_2020=100),GDP,Gross domestic product,SK,Slovakia,2014,,78,,,,,
dataflow,ESTAT:TEC00114(1.0),GDP per capita in PPS,A,Annual,VI_PPS_EU27_2020_HAB,Volume indices of real expenditure per capita (in PPS_EU27_2020=100),GDP,Gross domestic product,SK,Slovakia,2015,,78,,,,,
dataflow,ESTAT:TEC00114(1.0),GDP per capita in PPS,A,Annual,VI_PPS_EU27_2020_HAB,Volume indices of real expenditure per capita (in PPS_EU27_2020=100),GDP,Gross domestic product,SK,Slovakia,2016,,73,,,,,
dataflow,ESTAT:TEC00114(1.0),GDP per capita in PPS,A,Annual,VI_PPS_EU27_2020_HAB,Volume indices of real expenditure per capita (in PPS_EU27_2020=100),GDP,Gross domestic product,SK,Slovakia,2017,,70,,,,,
dataflow,ESTAT:TEC00114(1.0),GDP per capita in PPS,A,Annual,VI_PPS_EU27_2020_HAB,Volume indices of real expenditure per capita (in PPS_EU27_2020=100),GDP,Gross domestic product,SK,Slovakia,2018,,70,,,,,
dataflow,ESTAT:TEC00114(1.0),GDP per capita in PPS,A,Annual,VI_PPS_EU27_2020_HAB,Volume indices of real expenditure per capita (in PPS_EU27_2020=100),GDP,Gross domestic product,SK,Slovakia,2019,,70,,,,,
dataflow,ESTAT:TEC00114(1.0),GDP per capita in PPS,A,Annual,VI_PPS_EU27_2020_HAB,Volume indices of real expenditure per capita (in PPS_EU27_2020=100),GDP,Gross domestic product,SK,Slovakia,2020,,74,,,,,
dataflow,ESTAT:TEC00114(1.0),GDP per capita in PPS,A,Annual,VI_PPS_EU27_2020_HAB,Volume indices of real expenditure per capita (in PPS_EU27_2020=100),GDP,Gross domestic product,SK,Slovakia,2021,,74,,,,,
dataflow,ESTAT:TEC00114(1.0),GDP per capita in PPS,A,Annual,VI_PPS_EU27_2020_HAB,Volume indices of real expenditure per capita (in PPS_EU27_2020=100),GDP,Gross domestic product,SK,Slovakia,2022,,71,,,,,
dataflow,ESTAT:TEC00114(1.0),GDP per capita in PPS,A,Annual,VI_PPS_EU27_2020_HAB,Volume indices of real expenditure per capita (in PPS_EU27_2020=100),GDP,Gross domestic product,SK,Slovakia,2023,,74,,,,,
dataflow,ESTAT:TEC00114(1.0),GDP per capita in PPS,A,Annual,VI_PPS_EU27_2020_HAB,Volume indices of real expenditure per capita (in PPS_EU27_2020=100),GDP,Gross domestic product,SK,Slovakia,2024,,75,,,,,
dataflow,ESTAT:TEC00114(1.0),GDP per capita in PPS,A,Annual,VI_PPS_EU27_2020_HAB,Volume indices of real expenditure per capita (in PPS_EU27_2020=100),GDP,Gross domestic product,TR,Türkiye,2013,,62,,,,,
dataflow,ESTAT:TEC00114(1.0),GDP per capita in PPS,A,Annual,VI_PPS_EU27_2020_HAB,Volume indices of real expenditure per capita (in PPS_EU27_2020=100),GDP,Gross domestic product,TR,Türkiye,2014,,65,,,,,
dataflow,ESTAT:TEC00114(1.0),GDP per capita in PPS,A,Annual,VI_PPS_EU27_2020_HAB,Volume indices of real expenditure per capita (in PPS_EU27_2020=100),GDP,Gross domestic product,TR,Türkiye,2015,,67,,,,,
dataflow,ESTAT:TEC00114(1.0),GDP per capita in PPS,A,Annual,VI_PPS_EU27_2020_HAB,Volume indices of real expenditure per capita (in PPS_EU27_2020=100),GDP,Gross domestic product,TR,Türkiye,2016,,65,,,,,
dataflow,ESTAT:TEC00114(1.0),GDP per capita in PPS,A,Annual,VI_PPS_EU27_2020_HAB,Volume indices of real expenditure per capita (in PPS_EU27_2020=100),GDP,Gross domestic product,TR,Türkiye,2017,,66,,,,,
dataflow,ESTAT:TEC00114(1.0),GDP per capita in PPS,A,Annual,VI_PPS_EU27_2020_HAB,Volume indices of real expenditure per capita (in PPS_EU27_2020=100),GDP,Gross domestic product,TR,Türkiye,2018,,64,,,,,
dataflow,ESTAT:TEC00114(1.0),GDP per capita in PPS,A,Annual,VI_PPS_EU27_2020_HAB,Volume indices of real expenditure per capita (in PPS_EU27_2020=100),GDP,Gross domestic product,TR,Türkiye,2019,,60,,,,,
dataflow,ESTAT:TEC00114(1.0),GDP per capita in PPS,A,Annual,VI_PPS_EU27_2020_HAB,Volume indices of real expenditure per capita (in PPS_EU27_2020=100),GDP,Gross domestic product,TR,Türkiye,2020,,61,,,,,
dataflow,ESTAT:TEC00114(1.0),GDP per capita in PPS,A,Annual,VI_PPS_EU27_2020_HAB,Volume indices of real expenditure per capita (in PPS_EU27_2020=100),GDP,Gross domestic product,TR,Türkiye,2021,,62,,,,,
dataflow,ESTAT:TEC00114(1.0),GDP per capita in PPS,A,Annual,VI_PPS_EU27_2020_HAB,Volume indices of real expenditure per capita (in PPS_EU27_2020=100),GDP,Gross domestic product,TR,Türkiye,2022,,68,,,,,
dataflow,ESTAT:TEC00114(1.0),GDP per capita in PPS,A,Annual,VI_PPS_EU27_2020_HAB,Volume indices of real expenditure per capita (in PPS_EU27_2020=100),GDP,Gross domestic product,TR,Türkiye,2023,,70,,,,,
dataflow,ESTAT:TEC00114(1.0),GDP per capita in PPS,A,Annual,VI_PPS_EU27_2020_HAB,Volume indices of real expenditure per capita (in PPS_EU27_2020=100),GDP,Gross domestic product,TR,Türkiye,2024,,72,,,,,
dataflow,ESTAT:TEC00114(1.0),GDP per capita in PPS,A,Annual,VI_PPS_EU27_2020_HAB,Volume indices of real expenditure per capita (in PPS_EU27_2020=100),GDP,Gross domestic product,UK,United Kingdom,2013,,110,,,,,
dataflow,ESTAT:TEC00114(1.0),GDP per capita in PPS,A,Annual,VI_PPS_EU27_2020_HAB,Volume indices of real expenditure per capita (in PPS_EU27_2020=100),GDP,Gross domestic product,UK,United Kingdom,2014,,111,,,,,
dataflow,ESTAT:TEC00114(1.0),GDP per capita in PPS,A,Annual,VI_PPS_EU27_2020_HAB,Volume indices of real expenditure per capita (in PPS_EU27_2020=100),GDP,Gross domestic product,UK,United Kingdom,2015,,111,,,,,
dataflow,ESTAT:TEC00114(1.0),GDP per capita in PPS,A,Annual,VI_PPS_EU27_2020_HAB,Volume indices of real expenditure per capita (in PPS_EU27_2020=100),GDP,Gross domestic product,UK,United Kingdom,2016,,108,,,,,
dataflow,ESTAT:TEC00114(1.0),GDP per capita in PPS,A,Annual,VI_PPS_EU27_2020_HAB,Volume indices of real expenditure per capita (in PPS_EU27_2020=100),GDP,Gross domestic product,UK,United Kingdom,2017,,108,,,,,
dataflow,ESTAT:TEC00114(1.0),GDP per capita in PPS,A,Annual,VI_PPS_EU27_2020_HAB,Volume indices of real expenditure per capita (in PPS_EU27_2020=100),GDP,Gross domestic product,UK,United Kingdom,2018,,106,,,,,
dataflow,ESTAT:TEC00114(1.0),GDP per capita in PPS,A,Annual,VI_PPS_EU27_2020_HAB,Volume indices of real expenditure per capita (in PPS_EU27_2020=100),GDP,Gross domestic product,UK,United Kingdom,2019,,104,,,,,
dataflow,ESTAT:TEC00114(1.0),GDP per capita in PPS,A,Annual,VI_PPS_EU27_2020_HAB,Volume indices of real expenditure per capita (in PPS_EU27_2020=100),GDP,Gross domestic product,UK,United Kingdom,2020,,102,,,,,
