STRUCTURE,STRUCTURE_ID,STRUCTURE_NAME,freq,Time frequency,currency,Currency,geo,Geopolitical entity (reporting),TIME_PERIOD,Time,OBS_VALUE,Observation value,OBS_FLAG,Observation status (Flag) V2 structure,CONF_STATUS,Confidentiality status (flag)
dataflow,ESTAT:TPS00155(1.0),Minimum wages,S,"Half-yearly, semesterly",EUR,Euro,AL,Albania,2020-S1,,213,,,,,
dataflow,ESTAT:TPS00155(1.0),Minimum wages,S,"Half-yearly, semesterly",EUR,Euro,AL,Albania,2020-S2,,209,,,,,
dataflow,ESTAT:TPS00155(1.0),Minimum wages,S,"Half-yearly, semesterly",EUR,Euro,AL,Albania,2021-S1,,243,,,,,
dataflow,ESTAT:TPS00155(1.0),Minimum wages,S,"Half-yearly, semesterly",EUR,Euro,AL,Albania,2021-S2,,245,,,,,
dataflow,ESTAT:TPS00155(1.0),Minimum wages,S,"Half-yearly, semesterly",EUR,Euro,AL,Albania,2022-S1,,248,,,,,
dataflow,ESTAT:TPS00155(1.0),Minimum wages,S,"Half-yearly, semesterly",EUR,Euro,AL,Albania,2022-S2,,269,,,,,
dataflow,ESTAT:TPS00155(1.0),Minimum wages,S,"Half-yearly, semesterly",EUR,Euro,AL,Albania,2023-S1,,298,,,,,
dataflow,ESTAT:TPS00155(1.0),Minimum wages,S,"Half-yearly, semesterly",EUR,Euro,AL,Albania,2023-S2,,376,,,,,
dataflow,ESTAT:TPS00155(1.0),Minimum wages,S,"Half-yearly, semesterly",EUR,Euro,AL,Albania,2024-S1,,385,,,,,
dataflow,ESTAT:TPS00155(1.0),Minimum wages,S,"Half-yearly, semesterly",EUR,Euro,AL,Albania,2024-S2,,399,,,,,
dataflow,ESTAT:TPS00155(1.0),Minimum wages,S,"Half-yearly, semesterly",EUR,Euro,AL,Albania,2025-S1,,408,,,,,
dataflow,ESTAT:TPS00155(1.0),Minimum wages,S,"Half-yearly, semesterly",EUR,Euro,AL,Albania,2025-S2,,408,,,,,
dataflow,ESTAT:TPS00155(1.0),Minimum wages,S,"Half-yearly, semesterly",EUR,Euro,AT,Austria,2020-S1,,,,m,missing value; data cannot exist,,
dataflow,ESTAT:TPS00155(1.0),Minimum wages,S,"Half-yearly, semesterly",EUR,Euro,AT,Austria,2020-S2,,,,m,missing value; data cannot exist,,
dataflow,ESTAT:TPS00155(1.0),Minimum wages,S,"Half-yearly, semesterly",EUR,Euro,AT,Austria,2021-S1,,,,m,missing value; data cannot exist,,
dataflow,ESTAT:TPS00155(1.0),Minimum wages,S,"Half-yearly, semesterly",EUR,Euro,AT,Austria,2021-S2,,,,m,missing value; data cannot exist,,
dataflow,ESTAT:TPS00155(1.0),Minimum wages,S,"Half-yearly, semesterly",EUR,Euro,AT,Austria,2022-S1,,,,m,missing value; data cannot exist,,
dataflow,ESTAT:TPS00155(1.0),Minimum wages,S,"Half-yearly, semesterly",EUR,Euro,AT,Austria,2022-S2,,,,m,missing value; data cannot exist,,
dataflow,ESTAT:TPS00155(1.0),Minimum wages,S,"Half-yearly, semesterly",EUR,Euro,AT,Austria,2023-S1,,,,m,missing value; data cannot exist,,
dataflow,ESTAT:TPS00155(1.0),Minimum wages,S,"Half-yearly, semesterly",EUR,Euro,AT,Austria,2023-S2,,,,m,missing value; data cannot exist,,
dataflow,ESTAT:TPS00155(1.0),Minimum wages,S,"Half-yearly, semesterly",EUR,Euro,AT,Austria,2024-S1,,,,m,missing value; data cannot exist,,
dataflow,ESTAT:TPS00155(1.0),Minimum wages,S,"Half-yearly, semesterly",EUR,Euro,AT,Austria,2024-S2,,,,m,missing value; data cannot exist,,
dataflow,ESTAT:TPS00155(1.0),Minimum wages,S,"Half-yearly, semesterly",EUR,Euro,AT,Austria,2025-S1,,,,m,missing value; data cannot exist,,
dataflow,ESTAT:TPS00155(1.0),Minimum wages,S,"Half-yearly, semesterly",EUR,Euro,AT,Austria,2025-S2,,,,m,missing value; data cannot exist,,
dataflow,ESTAT:TPS00155(1.0),Minimum wages,S,"Half-yearly, semesterly",EUR,Euro,BE,Belgium,2020-S1,,1594,,,,,
dataflow,ESTAT:TPS00155(1.0),Minimum wages,S,"Half-yearly, semesterly",EUR,Euro,BE,Belgium,2020-S2,,1626,,,,,
dataflow,ESTAT:TPS00155(1.0),Minimum wages,S,"Half-yearly, semesterly",EUR,Euro,BE,Belgium,2021-S1,,1626,,,,,
dataflow,ESTAT:TPS00155(1.0),Minimum wages,S,"Half-yearly, semesterly",EUR,Euro,BE,Belgium,2021-S2,,1626,,,,,
dataflow,ESTAT:TPS00155(1.0),Minimum wages,S,"Half-yearly, semesterly",EUR,Euro,BE,Belgium,2022-S1,,1658,,,,,
dataflow,ESTAT:TPS00155(1.0),Minimum wages,S,"Half-yearly, semesterly",EUR,Euro,BE,Belgium,2022-S2,,1842,,,,,
dataflow,ESTAT:TPS00155(1.0),Minimum wages,S,"Half-yearly, semesterly",EUR,Euro,BE,Belgium,2023-S1,,1955,,,,,
dataflow,ESTAT:TPS00155(1.0),Minimum wages,S,"Half-yearly, semesterly",EUR,Euro,BE,Belgium,2023-S2,,1955,,,,,
dataflow,ESTAT:TPS00155(1.0),Minimum wages,S,"Half-yearly, semesterly",EUR,Euro,BE,Belgium,2024-S1,,1994,,,,,
dataflow,ESTAT:TPS00155(1.0),Minimum wages,S,"Half-yearly, semesterly",EUR,Euro,BE,Belgium,2024-S2,,2070,,,,,
dataflow,ESTAT:TPS00155(1.0),Minimum wages,S,"Half-yearly, semesterly",EUR,Euro,BE,Belgium,2025-S1,,2070,,,,,
dataflow,ESTAT:TPS00155(1.0),Minimum wages,S,"Half-yearly, semesterly",EUR,Euro,BE,Belgium,2025-S2,,2112,,,,,
dataflow,ESTAT:TPS00155(1.0),Minimum wages,S,"Half-yearly, semesterly",EUR,Euro,BG,Bulgaria,2020-S1,,312,,,,,
dataflow,ESTAT:TPS00155(1.0),Minimum wages,S,"Half-yearly, semesterly",EUR,Euro,BG,Bulgaria,2020-S2,,312,,,,,
dataflow,ESTAT:TPS00155(1.0),Minimum wages,S,"Half-yearly, semesterly",EUR,Euro,BG,Bulgaria,2021-S1,,332,,,,,
dataflow,ESTAT:TPS00155(1.0),Minimum wages,S,"Half-yearly, semesterly",EUR,Euro,BG,Bulgaria,2021-S2,,332,,,,,
dataflow,ESTAT:TPS00155(1.0),Minimum wages,S,"Half-yearly, semesterly",EUR,Euro,BG,Bulgaria,2022-S1,,332,,,,,
dataflow,ESTAT:TPS00155(1.0),Minimum wages,S,"Half-yearly, semesterly",EUR,Euro,BG,Bulgaria,2022-S2,,363,,,,,
dataflow,ESTAT:TPS00155(1.0),Minimum wages,S,"Half-yearly, semesterly",EUR,Euro,BG,Bulgaria,2023-S1,,399,,,,,
dataflow,ESTAT:TPS00155(1.0),Minimum wages,S,"Half-yearly, semesterly",EUR,Euro,BG,Bulgaria,2023-S2,,399,,,,,
dataflow,ESTAT:TPS00155(1.0),Minimum wages,S,"Half-yearly, semesterly",EUR,Euro,BG,Bulgaria,2024-S1,,477,,,,,
dataflow,ESTAT:TPS00155(1.0),Minimum wages,S,"Half-yearly, semesterly",EUR,Euro,BG,Bulgaria,2024-S2,,477,,,,,
dataflow,ESTAT:TPS00155(1.0),Minimum wages,S,"Half-yearly, semesterly",EUR,Euro,BG,Bulgaria,2025-S1,,551,,,,,
dataflow,ESTAT:TPS00155(1.0),Minimum wages,S,"Half-yearly, semesterly",EUR,Euro,BG,Bulgaria,2025-S2,,551,,,,,
dataflow,ESTAT:TPS00155(1.0),Minimum wages,S,"Half-yearly, semesterly",EUR,Euro,CH,Switzerland,2020-S1,,,,m,missing value; data cannot exist,,
dataflow,ESTAT:TPS00155(1.0),Minimum wages,S,"Half-yearly, semesterly",EUR,Euro,CH,Switzerland,2020-S2,,,,m,missing value; data cannot exist,,
dataflow,ESTAT:TPS00155(1.0),Minimum wages,S,"Half-yearly, semesterly",EUR,Euro,CH,Switzerland,2021-S1,,,,m,missing value; data cannot exist,,
dataflow,ESTAT:TPS00155(1.0),Minimum wages,S,"Half-yearly, semesterly",EUR,Euro,CH,Switzerland,2021-S2,,,,m,missing value; data cannot exist,,
dataflow,ESTAT:TPS00155(1.0),Minimum wages,S,"Half-yearly, semesterly",EUR,Euro,CH,Switzerland,2022-S1,,,,m,missing value; data cannot exist,,
dataflow,ESTAT:TPS00155(1.0),Minimum wages,S,"Half-yearly, semesterly",EUR,Euro,CH,Switzerland,2022-S2,,,,m,missing value; data cannot exist,,
dataflow,ESTAT:TPS00155(1.0),Minimum wages,S,"Half-yearly, semesterly",EUR,Euro,CH,Switzerland,2023-S1,,,,m,missing value; data cannot exist,,
dataflow,ESTAT:TPS00155(1.0),Minimum wages,S,"Half-yearly, semesterly",EUR,Euro,CH,Switzerland,2023-S2,,,,m,missing value; data cannot exist,,
dataflow,ESTAT:TPS00155(1.0),Minimum wages,S,"Half-yearly, semesterly",EUR,Euro,CH,Switzerland,2024-S1,,,,m,missing value; data cannot exist,,
dataflow,ESTAT:TPS00155(1.0),Minimum wages,S,"Half-yearly, semesterly",EUR,Euro,CH,Switzerland,2024-S2,,,,m,missing value; data cannot exist,,
dataflow,ESTAT:TPS00155(1.0),Minimum wages,S,"Half-yearly, semesterly",EUR,Euro,CH,Switzerland,2025-S1,,,,m,missing value; data cannot exist,,
dataflow,ESTAT:TPS00155(1.0),Minimum wages,S,"Half-yearly, semesterly",EUR,Euro,CH,Switzerland,2025-S2,,,,m,missing value; data cannot exist,,
dataflow,ESTAT:TPS00155(1.0),Minimum wages,S,"Half-yearly, semesterly",EUR,Euro,CY,Cyprus,2020-S1,,,,m,missing value; data cannot exist,,
dataflow,ESTAT:TPS00155(1.0),Minimum wages,S,"Half-yearly, semesterly",EUR,Euro,CY,Cyprus,2020-S2,,,,m,missing value; data cannot exist,,
dataflow,ESTAT:TPS00155(1.0),Minimum wages,S,"Half-yearly, semesterly",EUR,Euro,CY,Cyprus,2021-S1,,,,m,missing value; data cannot exist,,
dataflow,ESTAT:TPS00155(1.0),Minimum wages,S,"Half-yearly, semesterly",EUR,Euro,CY,Cyprus,2021-S2,,,,m,missing value; data cannot exist,,
dataflow,ESTAT:TPS00155(1.0),Minimum wages,S,"Half-yearly, semesterly",EUR,Euro,CY,Cyprus,2022-S1,,,,m,missing value; data cannot exist,,
dataflow,ESTAT:TPS00155(1.0),Minimum wages,S,"Half-yearly, semesterly",EUR,Euro,CY,Cyprus,2022-S2,,,,m,missing value; data cannot exist,,
dataflow,ESTAT:TPS00155(1.0),Minimum wages,S,"Half-yearly, semesterly",EUR,Euro,CY,Cyprus,2023-S1,,940,,,,,
dataflow,ESTAT:TPS00155(1.0),Minimum wages,S,"Half-yearly, semesterly",EUR,Euro,CY,Cyprus,2023-S2,,940,,,,,
dataflow,ESTAT:TPS00155(1.0),Minimum wages,S,"Half-yearly, semesterly",EUR,Euro,CY,Cyprus,2024-S1,,1000,,,,,
dataflow,ESTAT:TPS00155(1.0),Minimum wages,S,"Half-yearly, semesterly",EUR,Euro,CY,Cyprus,2024-S2,,1000,,,,,
dataflow,ESTAT:TPS00155(1.0),Minimum wages,S,"Half-yearly, semesterly",EUR,Euro,CY,Cyprus,2025-S1,,1000,,,,,
dataflow,ESTAT:TPS00155(1.0),Minimum wages,S,"Half-yearly, semesterly",EUR,Euro,CY,Cyprus,2025-S2,,1000,,,,,
dataflow,ESTAT:TPS00155(1.0),Minimum wages,S,"Half-yearly, semesterly",EUR,Euro,CZ,Czechia,2020-S1,,575,,,,,
dataflow,ESTAT:TPS00155(1.0),Minimum wages,S,"Half-yearly, semesterly",EUR,Euro,CZ,Czechia,2020-S2,,546,,,,,
dataflow,ESTAT:TPS00155(1.0),Minimum wages,S,"Half-yearly, semesterly",EUR,Euro,CZ,Czechia,2021-S1,,579,,,,,
dataflow,ESTAT:TPS00155(1.0),Minimum wages,S,"Half-yearly, semesterly",EUR,Euro,CZ,Czechia,2021-S2,,596,,,,,
dataflow,ESTAT:TPS00155(1.0),Minimum wages,S,"Half-yearly, semesterly",EUR,Euro,CZ,Czechia,2022-S1,,652,,,,,
dataflow,ESTAT:TPS00155(1.0),Minimum wages,S,"Half-yearly, semesterly",EUR,Euro,CZ,Czechia,2022-S2,,655,,,,,
dataflow,ESTAT:TPS00155(1.0),Minimum wages,S,"Half-yearly, semesterly",EUR,Euro,CZ,Czechia,2023-S1,,717,,,,,
dataflow,ESTAT:TPS00155(1.0),Minimum wages,S,"Half-yearly, semesterly",EUR,Euro,CZ,Czechia,2023-S2,,729,,,,,
dataflow,ESTAT:TPS00155(1.0),Minimum wages,S,"Half-yearly, semesterly",EUR,Euro,CZ,Czechia,2024-S1,,764,,,,,
dataflow,ESTAT:TPS00155(1.0),Minimum wages,S,"Half-yearly, semesterly",EUR,Euro,CZ,Czechia,2024-S2,,755,,,,,
dataflow,ESTAT:TPS00155(1.0),Minimum wages,S,"Half-yearly, semesterly",EUR,Euro,CZ,Czechia,2025-S1,,826,,,,,
dataflow,ESTAT:TPS00155(1.0),Minimum wages,S,"Half-yearly, semesterly",EUR,Euro,CZ,Czechia,2025-S2,,841,,,,,
dataflow,ESTAT:TPS00155(1.0),Minimum wages,S,"Half-yearly, semesterly",EUR,Euro,DE,Germany,2020-S1,,1544,,,,,
dataflow,ESTAT:TPS00155(1.0),Minimum wages,S,"Half-yearly, semesterly",EUR,Euro,DE,Germany,2020-S2,,1544,,,,,
dataflow,ESTAT:TPS00155(1.0),Minimum wages,S,"Half-yearly, semesterly",EUR,Euro,DE,Germany,2021-S1,,1585,,,,,
dataflow,ESTAT:TPS00155(1.0),Minimum wages,S,"Half-yearly, semesterly",EUR,Euro,DE,Germany,2021-S2,,1602,,,,,
dataflow,ESTAT:TPS00155(1.0),Minimum wages,S,"Half-yearly, semesterly",EUR,Euro,DE,Germany,2022-S1,,1634,,,,,
dataflow,ESTAT:TPS00155(1.0),Minimum wages,S,"Half-yearly, semesterly",EUR,Euro,DE,Germany,2022-S2,,1739,,,,,
dataflow,ESTAT:TPS00155(1.0),Minimum wages,S,"Half-yearly, semesterly",EUR,Euro,DE,Germany,2023-S1,,1997,,,,,
dataflow,ESTAT:TPS00155(1.0),Minimum wages,S,"Half-yearly, semesterly",EUR,Euro,DE,Germany,2023-S2,,1997,,,,,
dataflow,ESTAT:TPS00155(1.0),Minimum wages,S,"Half-yearly, semesterly",EUR,Euro,DE,Germany,2024-S1,,2054,,,,,
dataflow,ESTAT:TPS00155(1.0),Minimum wages,S,"Half-yearly, semesterly",EUR,Euro,DE,Germany,2024-S2,,2054,,,,,
dataflow,ESTAT:TPS00155(1.0),Minimum wages,S,"Half-yearly, semesterly",EUR,Euro,DE,Germany,2025-S1,,2161,,,,,
dataflow,ESTAT:TPS00155(1.0),Minimum wages,S,"Half-yearly, semesterly",EUR,Euro,DE,Germany,2025-S2,,2161,,,,,
dataflow,ESTAT:TPS00155(1.0),Minimum wages,S,"Half-yearly, semesterly",EUR,Euro,DK,Denmark,2020-S1,,,,m,missing value; data cannot exist,,
dataflow,ESTAT:TPS00155(1.0),Minimum wages,S,"Half-yearly, semesterly",EUR,Euro,DK,Denmark,2020-S2,,,,m,missing value; data cannot exist,,
dataflow,ESTAT:TPS00155(1.0),Minimum wages,S,"Half-yearly, semesterly",EUR,Euro,DK,Denmark,2021-S1,,,,m,missing value; data cannot exist,,
dataflow,ESTAT:TPS00155(1.0),Minimum wages,S,"Half-yearly, semesterly",EUR,Euro,DK,Denmark,2021-S2,,,,m,missing value; data cannot exist,,
dataflow,ESTAT:TPS00155(1.0),Minimum wages,S,"Half-yearly, semesterly",EUR,Euro,DK,Denmark,2022-S1,,,,m,missing value; data cannot exist,,
dataflow,ESTAT:TPS00155(1.0),Minimum wages,S,"Half-yearly, semesterly",EUR,Euro,DK,Denmark,2022-S2,,,,m,missing value; data cannot exist,,
dataflow,ESTAT:TPS00155(1.0),Minimum wages,S,"Half-yearly, semesterly",EUR,Euro,DK,Denmark,2023-S1,,,,m,missing value; data cannot exist,,
dataflow,ESTAT:TPS00155(1.0),Minimum wages,S,"Half-yearly, semesterly",EUR,Euro,DK,Denmark,2023-S2,,,,m,missing value; data cannot exist,,
dataflow,ESTAT:TPS00155(1.0),Minimum wages,S,"Half-yearly, semesterly",EUR,Euro,DK,Denmark,2024-S1,,,,m,missing value; data cannot exist,,
dataflow,ESTAT:TPS00155(1.0),Minimum wages,S,"Half-yearly, semesterly",EUR,Euro,DK,Denmark,2024-S2,,,,m,missing value; data cannot exist,,
dataflow,ESTAT:TPS00155(1.0),Minimum wages,S,"Half-yearly, semesterly",EUR,Euro,DK,Denmark,2025-S1,,,,m,missing value; data cannot exist,,
dataflow,ESTAT:TPS00155(1.0),Minimum wages,S,"Half-yearly, semesterly",EUR,Euro,DK,Denmark,2025-S2,,,,m,missing value; data cannot exist,,
dataflow,ESTAT:TPS00155(1.0),Minimum wages,S,"Half-yearly, semesterly",EUR,Euro,EE,Estonia,2020-S1,,584,,,,,
dataflow,ESTAT:TPS00155(1.0),Minimum wages,S,"Half-yearly, semesterly",EUR,Euro,EE,Estonia,2020-S2,,584,,,,,
dataflow,ESTAT:TPS00155(1.0),Minimum wages,S,"Half-yearly, semesterly",EUR,Euro,EE,Estonia,2021-S1,,584,,,,,
dataflow,ESTAT:TPS00155(1.0),Minimum wages,S,"Half-yearly, semesterly",EUR,Euro,EE,Estonia,2021-S2,,584,,,,,
dataflow,ESTAT:TPS00155(1.0),Minimum wages,S,"Half-yearly, semesterly",EUR,Euro,EE,Estonia,2022-S1,,654,,,,,
dataflow,ESTAT:TPS00155(1.0),Minimum wages,S,"Half-yearly, semesterly",EUR,Euro,EE,Estonia,2022-S2,,654,,,,,
dataflow,ESTAT:TPS00155(1.0),Minimum wages,S,"Half-yearly, semesterly",EUR,Euro,EE,Estonia,2023-S1,,725,,,,,
dataflow,ESTAT:TPS00155(1.0),Minimum wages,S,"Half-yearly, semesterly",EUR,Euro,EE,Estonia,2023-S2,,725,,,,,
dataflow,ESTAT:TPS00155(1.0),Minimum wages,S,"Half-yearly, semesterly",EUR,Euro,EE,Estonia,2024-S1,,820,,,,,
dataflow,ESTAT:TPS00155(1.0),Minimum wages,S,"Half-yearly, semesterly",EUR,Euro,EE,Estonia,2024-S2,,820,,,,,
dataflow,ESTAT:TPS00155(1.0),Minimum wages,S,"Half-yearly, semesterly",EUR,Euro,EE,Estonia,2025-S1,,886,,,,,
dataflow,ESTAT:TPS00155(1.0),Minimum wages,S,"Half-yearly, semesterly",EUR,Euro,EE,Estonia,2025-S2,,886,,,,,
dataflow,ESTAT:TPS00155(1.0),Minimum wages,S,"Half-yearly, semesterly",EUR,Euro,EL,Greece,2020-S1,,758,,,,,
dataflow,ESTAT:TPS00155(1.0),Minimum wages,S,"Half-yearly, semesterly",EUR,Euro,EL,Greece,2020-S2,,758,,,,,
dataflow,ESTAT:TPS00155(1.0),Minimum wages,S,"Half-yearly, semesterly",EUR,Euro,EL,Greece,2021-S1,,758,,,,,
dataflow,ESTAT:TPS00155(1.0),Minimum wages,S,"Half-yearly, semesterly",EUR,Euro,EL,Greece,2021-S2,,758,,,,,
dataflow,ESTAT:TPS00155(1.0),Minimum wages,S,"Half-yearly, semesterly",EUR,Euro,EL,Greece,2022-S1,,774,,,,,
dataflow,ESTAT:TPS00155(1.0),Minimum wages,S,"Half-yearly, semesterly",EUR,Euro,EL,Greece,2022-S2,,832,,,,,
dataflow,ESTAT:TPS00155(1.0),Minimum wages,S,"Half-yearly, semesterly",EUR,Euro,EL,Greece,2023-S1,,832,,,,,
dataflow,ESTAT:TPS00155(1.0),Minimum wages,S,"Half-yearly, semesterly",EUR,Euro,EL,Greece,2023-S2,,910,,,,,
dataflow,ESTAT:TPS00155(1.0),Minimum wages,S,"Half-yearly, semesterly",EUR,Euro,EL,Greece,2024-S1,,910,,,,,
dataflow,ESTAT:TPS00155(1.0),Minimum wages,S,"Half-yearly, semesterly",EUR,Euro,EL,Greece,2024-S2,,968,,,,,
dataflow,ESTAT:TPS00155(1.0),Minimum wages,S,"Half-yearly, semesterly",EUR,Euro,EL,Greece,2025-S1,,968,,,,,
dataflow,ESTAT:TPS00155(1.0),Minimum wages,S,"Half-yearly, semesterly",EUR,Euro,EL,Greece,2025-S2,,1027,,,,,
dataflow,ESTAT:TPS00155(1.0),Minimum wages,S,"Half-yearly, semesterly",EUR,Euro,ES,Spain,2020-S1,,1108,,,,,
dataflow,ESTAT:TPS00155(1.0),Minimum wages,S,"Half-yearly, semesterly",EUR,Euro,ES,Spain,2020-S2,,1108,,,,,
dataflow,ESTAT:TPS00155(1.0),Minimum wages,S,"Half-yearly, semesterly",EUR,Euro,ES,Spain,2021-S1,,1108,,,,,
dataflow,ESTAT:TPS00155(1.0),Minimum wages,S,"Half-yearly, semesterly",EUR,Euro,ES,Spain,2021-S2,,1108,,,,,
dataflow,ESTAT:TPS00155(1.0),Minimum wages,S,"Half-yearly, semesterly",EUR,Euro,ES,Spain,2022-S1,,1126,,,,,
dataflow,ESTAT:TPS00155(1.0),Minimum wages,S,"Half-yearly, semesterly",EUR,Euro,ES,Spain,2022-S2,,1167,,,,,
dataflow,ESTAT:TPS00155(1.0),Minimum wages,S,"Half-yearly, semesterly",EUR,Euro,ES,Spain,2023-S1,,1167,,,,,
dataflow,ESTAT:TPS00155(1.0),Minimum wages,S,"Half-yearly, semesterly",EUR,Euro,ES,Spain,2023-S2,,1260,,,,,
dataflow,ESTAT:TPS00155(1.0),Minimum wages,S,"Half-yearly, semesterly",EUR,Euro,ES,Spain,2024-S1,,1323,,,,,
dataflow,ESTAT:TPS00155(1.0),Minimum wages,S,"Half-yearly, semesterly",EUR,Euro,ES,Spain,2024-S2,,1323,,,,,
dataflow,ESTAT:TPS00155(1.0),Minimum wages,S,"Half-yearly, semesterly",EUR,Euro,ES,Spain,2025-S1,,1381,,,,,
dataflow,ESTAT:TPS00155(1.0),Minimum wages,S,"Half-yearly, semesterly",EUR,Euro,ES,Spain,2025-S2,,1381,,,,,
dataflow,ESTAT:TPS00155(1.0),Minimum wages,S,"Half-yearly, semesterly",EUR,Euro,FI,Finland,2020-S1,,,,m,missing value; data cannot exist,,
dataflow,ESTAT:TPS00155(1.0),Minimum wages,S,"Half-yearly, semesterly",EUR,Euro,FI,Finland,2020-S2,,,,m,missing value; data cannot exist,,
dataflow,ESTAT:TPS00155(1.0),Minimum wages,S,"Half-yearly, semesterly",EUR,Euro,FI,Finland,2021-S1,,,,m,missing value; data cannot exist,,
dataflow,ESTAT:TPS00155(1.0),Minimum wages,S,"Half-yearly, semesterly",EUR,Euro,FI,Finland,2021-S2,,,,m,missing value; data cannot exist,,
dataflow,ESTAT:TPS00155(1.0),Minimum wages,S,"Half-yearly, semesterly",EUR,Euro,FI,Finland,2022-S1,,,,m,missing value; data cannot exist,,
dataflow,ESTAT:TPS00155(1.0),Minimum wages,S,"Half-yearly, semesterly",EUR,Euro,FI,Finland,2022-S2,,,,m,missing value; data cannot exist,,
dataflow,ESTAT:TPS00155(1.0),Minimum wages,S,"Half-yearly, semesterly",EUR,Euro,FI,Finland,2023-S1,,,,m,missing value; data cannot exist,,
dataflow,ESTAT:TPS00155(1.0),Minimum wages,S,"Half-yearly, semesterly",EUR,Euro,FI,Finland,2023-S2,,,,m,missing value; data cannot exist,,
dataflow,ESTAT:TPS00155(1.0),Minimum wages,S,"Half-yearly, semesterly",EUR,Euro,FI,Finland,2024-S1,,,,m,missing value; data cannot exist,,
dataflow,ESTAT:TPS00155(1.0),Minimum wages,S,"Half-yearly, semesterly",EUR,Euro,FI,Finland,2024-S2,,,,m,missing value; data cannot exist,,
dataflow,ESTAT:TPS00155(1.0),Minimum wages,S,"Half-yearly, semesterly",EUR,Euro,FI,Finland,2025-S1,,,,m,missing value; data cannot exist,,
dataflow,ESTAT:TPS00155(1.0),Minimum wages,S,"Half-yearly, semesterly",EUR,Euro,FI,Finland,2025-S2,,,,m,missing value; data cannot exist,,
dataflow,ESTAT:TPS00155(1.0),Minimum wages,S,"Half-yearly, semesterly",EUR,Euro,FR,France,2020-S1,,1539,,,,,
dataflow,ESTAT:TPS00155(1.0),Minimum wages,S,"Half-yearly, semesterly",EUR,Euro,FR,France,2020-S2,,1539,,,,,
dataflow,ESTAT:TPS00155(1.0),Minimum wages,S,"Half-yearly, semesterly",EUR,Euro,FR,France,2021-S1,,1555,,,,,
dataflow,ESTAT:TPS00155(1.0),Minimum wages,S,"Half-yearly, semesterly",EUR,Euro,FR,France,2021-S2,,1555,,,,,
dataflow,ESTAT:TPS00155(1.0),Minimum wages,S,"Half-yearly, semesterly",EUR,Euro,FR,France,2022-S1,,1603,,,,,
dataflow,ESTAT:TPS00155(1.0),Minimum wages,S,"Half-yearly, semesterly",EUR,Euro,FR,France,2022-S2,,1646,,,,,
dataflow,ESTAT:TPS00155(1.0),Minimum wages,S,"Half-yearly, semesterly",EUR,Euro,FR,France,2023-S1,,1709,,,,,
dataflow,ESTAT:TPS00155(1.0),Minimum wages,S,"Half-yearly, semesterly",EUR,Euro,FR,France,2023-S2,,1747,,,,,
dataflow,ESTAT:TPS00155(1.0),Minimum wages,S,"Half-yearly, semesterly",EUR,Euro,FR,France,2024-S1,,1767,,,,,
dataflow,ESTAT:TPS00155(1.0),Minimum wages,S,"Half-yearly, semesterly",EUR,Euro,FR,France,2024-S2,,1767,,,,,
dataflow,ESTAT:TPS00155(1.0),Minimum wages,S,"Half-yearly, semesterly",EUR,Euro,FR,France,2025-S1,,1802,,,,,
dataflow,ESTAT:TPS00155(1.0),Minimum wages,S,"Half-yearly, semesterly",EUR,Euro,FR,France,2025-S2,,1802,,,,,
dataflow,ESTAT:TPS00155(1.0),Minimum wages,S,"Half-yearly, semesterly",EUR,Euro,HR,Croatia,2020-S1,,546,,,,,
dataflow,ESTAT:TPS00155(1.0),Minimum wages,S,"Half-yearly, semesterly",EUR,Euro,HR,Croatia,2020-S2,,546,,,,,
dataflow,ESTAT:TPS00155(1.0),Minimum wages,S,"Half-yearly, semesterly",EUR,Euro,HR,Croatia,2021-S1,,563,,,,,
dataflow,ESTAT:TPS00155(1.0),Minimum wages,S,"Half-yearly, semesterly",EUR,Euro,HR,Croatia,2021-S2,,567,,,,,
dataflow,ESTAT:TPS00155(1.0),Minimum wages,S,"Half-yearly, semesterly",EUR,Euro,HR,Croatia,2022-S1,,624,,,,,
dataflow,ESTAT:TPS00155(1.0),Minimum wages,S,"Half-yearly, semesterly",EUR,Euro,HR,Croatia,2022-S2,,622,,,,,
dataflow,ESTAT:TPS00155(1.0),Minimum wages,S,"Half-yearly, semesterly",EUR,Euro,HR,Croatia,2023-S1,,700,,,,,
dataflow,ESTAT:TPS00155(1.0),Minimum wages,S,"Half-yearly, semesterly",EUR,Euro,HR,Croatia,2023-S2,,700,,,,,
dataflow,ESTAT:TPS00155(1.0),Minimum wages,S,"Half-yearly, semesterly",EUR,Euro,HR,Croatia,2024-S1,,840,,,,,
dataflow,ESTAT:TPS00155(1.0),Minimum wages,S,"Half-yearly, semesterly",EUR,Euro,HR,Croatia,2024-S2,,840,,,,,
dataflow,ESTAT:TPS00155(1.0),Minimum wages,S,"Half-yearly, semesterly",EUR,Euro,HR,Croatia,2025-S1,,970,,,,,
dataflow,ESTAT:TPS00155(1.0),Minimum wages,S,"Half-yearly, semesterly",EUR,Euro,HR,Croatia,2025-S2,,970,,,,,
dataflow,ESTAT:TPS00155(1.0),Minimum wages,S,"Half-yearly, semesterly",EUR,Euro,HU,Hungary,2020-S1,,487,,,,,
dataflow,ESTAT:TPS00155(1.0),Minimum wages,S,"Half-yearly, semesterly",EUR,Euro,HU,Hungary,2020-S2,,452,,,,,
dataflow,ESTAT:TPS00155(1.0),Minimum wages,S,"Half-yearly, semesterly",EUR,Euro,HU,Hungary,2021-S1,,442,,,,,
dataflow,ESTAT:TPS00155(1.0),Minimum wages,S,"Half-yearly, semesterly",EUR,Euro,HU,Hungary,2021-S2,,476,,,,,
dataflow,ESTAT:TPS00155(1.0),Minimum wages,S,"Half-yearly, semesterly",EUR,Euro,HU,Hungary,2022-S1,,542,,,,,
dataflow,ESTAT:TPS00155(1.0),Minimum wages,S,"Half-yearly, semesterly",EUR,Euro,HU,Hungary,2022-S2,,504,,,,,
dataflow,ESTAT:TPS00155(1.0),Minimum wages,S,"Half-yearly, semesterly",EUR,Euro,HU,Hungary,2023-S1,,579,,,,,
dataflow,ESTAT:TPS00155(1.0),Minimum wages,S,"Half-yearly, semesterly",EUR,Euro,HU,Hungary,2023-S2,,624,,,,,
dataflow,ESTAT:TPS00155(1.0),Minimum wages,S,"Half-yearly, semesterly",EUR,Euro,HU,Hungary,2024-S1,,697,,,,,
dataflow,ESTAT:TPS00155(1.0),Minimum wages,S,"Half-yearly, semesterly",EUR,Euro,HU,Hungary,2024-S2,,675,,,,,
dataflow,ESTAT:TPS00155(1.0),Minimum wages,S,"Half-yearly, semesterly",EUR,Euro,HU,Hungary,2025-S1,,707,,,,,
dataflow,ESTAT:TPS00155(1.0),Minimum wages,S,"Half-yearly, semesterly",EUR,Euro,HU,Hungary,2025-S2,,727,,,,,
dataflow,ESTAT:TPS00155(1.0),Minimum wages,S,"Half-yearly, semesterly",EUR,Euro,IE,Ireland,2020-S1,,1656,,,,,
dataflow,ESTAT:TPS00155(1.0),Minimum wages,S,"Half-yearly, semesterly",EUR,Euro,IE,Ireland,2020-S2,,1707,,,,,
dataflow,ESTAT:TPS00155(1.0),Minimum wages,S,"Half-yearly, semesterly",EUR,Euro,IE,Ireland,2021-S1,,1724,,,,,
dataflow,ESTAT:TPS00155(1.0),Minimum wages,S,"Half-yearly, semesterly",EUR,Euro,IE,Ireland,2021-S2,,1724,,,,,
dataflow,ESTAT:TPS00155(1.0),Minimum wages,S,"Half-yearly, semesterly",EUR,Euro,IE,Ireland,2022-S1,,1775,,,,,
dataflow,ESTAT:TPS00155(1.0),Minimum wages,S,"Half-yearly, semesterly",EUR,Euro,IE,Ireland,2022-S2,,1775,,,,,
dataflow,ESTAT:TPS00155(1.0),Minimum wages,S,"Half-yearly, semesterly",EUR,Euro,IE,Ireland,2023-S1,,1910,,,,,
dataflow,ESTAT:TPS00155(1.0),Minimum wages,S,"Half-yearly, semesterly",EUR,Euro,IE,Ireland,2023-S2,,1910,,,,,
dataflow,ESTAT:TPS00155(1.0),Minimum wages,S,"Half-yearly, semesterly",EUR,Euro,IE,Ireland,2024-S1,,2146,,,,,
dataflow,ESTAT:TPS00155(1.0),Minimum wages,S,"Half-yearly, semesterly",EUR,Euro,IE,Ireland,2024-S2,,2146,,,,,
dataflow,ESTAT:TPS00155(1.0),Minimum wages,S,"Half-yearly, semesterly",EUR,Euro,IE,Ireland,2025-S1,,2282,,,,,
dataflow,ESTAT:TPS00155(1.0),Minimum wages,S,"Half-yearly, semesterly",EUR,Euro,IE,Ireland,2025-S2,,2282,,,,,
dataflow,ESTAT:TPS00155(1.0),Minimum wages,S,"Half-yearly, semesterly",EUR,Euro,IS,Iceland,2020-S1,,,,m,missing value; data cannot exist,,
dataflow,ESTAT:TPS00155(1.0),Minimum wages,S,"Half-yearly, semesterly",EUR,Euro,IS,Iceland,2020-S2,,,,m,missing value; data cannot exist,,
dataflow,ESTAT:TPS00155(1.0),Minimum wages,S,"Half-yearly, semesterly",EUR,Euro,IS,Iceland,2021-S1,,,,m,missing value; data cannot exist,,
dataflow,ESTAT:TPS00155(1.0),Minimum wages,S,"Half-yearly, semesterly",EUR,Euro,IS,Iceland,2021-S2,,,,m,missing value; data cannot exist,,
dataflow,ESTAT:TPS00155(1.0),Minimum wages,S,"Half-yearly, semesterly",EUR,Euro,IS,Iceland,2022-S1,,,,m,missing value; data cannot exist,,
dataflow,ESTAT:TPS00155(1.0),Minimum wages,S,"Half-yearly, semesterly",EUR,Euro,IS,Iceland,2022-S2,,,,m,missing value; data cannot exist,,
dataflow,ESTAT:TPS00155(1.0),Minimum wages,S,"Half-yearly, semesterly",EUR,Euro,IS,Iceland,2023-S1,,,,m,missing value; data cannot exist,,
dataflow,ESTAT:TPS00155(1.0),Minimum wages,S,"Half-yearly, semesterly",EUR,Euro,IS,Iceland,2023-S2,,,,m,missing value; data cannot exist,,
dataflow,ESTAT:TPS00155(1.0),Minimum wages,S,"Half-yearly, semesterly",EUR,Euro,IS,Iceland,2024-S1,,,,m,missing value; data cannot exist,,
dataflow,ESTAT:TPS00155(1.0),Minimum wages,S,"Half-yearly, semesterly",EUR,Euro,IS,Iceland,2024-S2,,,,m,missing value; data cannot exist,,
dataflow,ESTAT:TPS00155(1.0),Minimum wages,S,"Half-yearly, semesterly",EUR,Euro,IS,Iceland,2025-S1,,,,m,missing value; data cannot exist,,
dataflow,ESTAT:TPS00155(1.0),Minimum wages,S,"Half-yearly, semesterly",EUR,Euro,IS,Iceland,2025-S2,,,,m,missing value; data cannot exist,,
dataflow,ESTAT:TPS00155(1.0),Minimum wages,S,"Half-yearly, semesterly",EUR,Euro,IT,Italy,2020-S1,,,,m,missing value; data cannot exist,,
dataflow,ESTAT:TPS00155(1.0),Minimum wages,S,"Half-yearly, semesterly",EUR,Euro,IT,Italy,2020-S2,,,,m,missing value; data cannot exist,,
dataflow,ESTAT:TPS00155(1.0),Minimum wages,S,"Half-yearly, semesterly",EUR,Euro,IT,Italy,2021-S1,,,,m,missing value; data cannot exist,,
dataflow,ESTAT:TPS00155(1.0),Minimum wages,S,"Half-yearly, semesterly",EUR,Euro,IT,Italy,2021-S2,,,,m,missing value; data cannot exist,,
dataflow,ESTAT:TPS00155(1.0),Minimum wages,S,"Half-yearly, semesterly",EUR,Euro,IT,Italy,2022-S1,,,,m,missing value; data cannot exist,,
dataflow,ESTAT:TPS00155(1.0),Minimum wages,S,"Half-yearly, semesterly",EUR,Euro,IT,Italy,2022-S2,,,,m,missing value; data cannot exist,,
dataflow,ESTAT:TPS00155(1.0),Minimum wages,S,"Half-yearly, semesterly",EUR,Euro,IT,Italy,2023-S1,,,,m,missing value; data cannot exist,,
dataflow,ESTAT:TPS00155(1.0),Minimum wages,S,"Half-yearly, semesterly",EUR,Euro,IT,Italy,2023-S2,,,,m,missing value; data cannot exist,,
dataflow,ESTAT:TPS00155(1.0),Minimum wages,S,"Half-yearly, semesterly",EUR,Euro,IT,Italy,2024-S1,,,,m,missing value; data cannot exist,,
dataflow,ESTAT:TPS00155(1.0),Minimum wages,S,"Half-yearly, semesterly",EUR,Euro,IT,Italy,2024-S2,,,,m,missing value; data cannot exist,,
dataflow,ESTAT:TPS00155(1.0),Minimum wages,S,"Half-yearly, semesterly",EUR,Euro,IT,Italy,2025-S1,,,,m,missing value; data cannot exist,,
dataflow,ESTAT:TPS00155(1.0),Minimum wages,S,"Half-yearly, semesterly",EUR,Euro,IT,Italy,2025-S2,,,,m,missing value; data cannot exist,,
dataflow,ESTAT:TPS00155(1.0),Minimum wages,S,"Half-yearly, semesterly",EUR,Euro,LT,Lithuania,2020-S1,,607,,,,,
dataflow,ESTAT:TPS00155(1.0),Minimum wages,S,"Half-yearly, semesterly",EUR,Euro,LT,Lithuania,2020-S2,,607,,,,,
dataflow,ESTAT:TPS00155(1.0),Minimum wages,S,"Half-yearly, semesterly",EUR,Euro,LT,Lithuania,2021-S1,,642,,,,,
dataflow,ESTAT:TPS00155(1.0),Minimum wages,S,"Half-yearly, semesterly",EUR,Euro,LT,Lithuania,2021-S2,,642,,,,,
dataflow,ESTAT:TPS00155(1.0),Minimum wages,S,"Half-yearly, semesterly",EUR,Euro,LT,Lithuania,2022-S1,,730,,,,,
dataflow,ESTAT:TPS00155(1.0),Minimum wages,S,"Half-yearly, semesterly",EUR,Euro,LT,Lithuania,2022-S2,,730,,,,,
dataflow,ESTAT:TPS00155(1.0),Minimum wages,S,"Half-yearly, semesterly",EUR,Euro,LT,Lithuania,2023-S1,,840,,,,,
dataflow,ESTAT:TPS00155(1.0),Minimum wages,S,"Half-yearly, semesterly",EUR,Euro,LT,Lithuania,2023-S2,,840,,,,,
dataflow,ESTAT:TPS00155(1.0),Minimum wages,S,"Half-yearly, semesterly",EUR,Euro,LT,Lithuania,2024-S1,,924,,,,,
dataflow,ESTAT:TPS00155(1.0),Minimum wages,S,"Half-yearly, semesterly",EUR,Euro,LT,Lithuania,2024-S2,,924,,,,,
dataflow,ESTAT:TPS00155(1.0),Minimum wages,S,"Half-yearly, semesterly",EUR,Euro,LT,Lithuania,2025-S1,,1038,,,,,
dataflow,ESTAT:TPS00155(1.0),Minimum wages,S,"Half-yearly, semesterly",EUR,Euro,LT,Lithuania,2025-S2,,1038,,,,,
dataflow,ESTAT:TPS00155(1.0),Minimum wages,S,"Half-yearly, semesterly",EUR,Euro,LU,Luxembourg,2020-S1,,2142,,,,,
dataflow,ESTAT:TPS00155(1.0),Minimum wages,S,"Half-yearly, semesterly",EUR,Euro,LU,Luxembourg,2020-S2,,2142,,,,,
dataflow,ESTAT:TPS00155(1.0),Minimum wages,S,"Half-yearly, semesterly",EUR,Euro,LU,Luxembourg,2021-S1,,2202,,,,,
dataflow,ESTAT:TPS00155(1.0),Minimum wages,S,"Half-yearly, semesterly",EUR,Euro,LU,Luxembourg,2021-S2,,2202,,,,,
dataflow,ESTAT:TPS00155(1.0),Minimum wages,S,"Half-yearly, semesterly",EUR,Euro,LU,Luxembourg,2022-S1,,2257,,,,,
dataflow,ESTAT:TPS00155(1.0),Minimum wages,S,"Half-yearly, semesterly",EUR,Euro,LU,Luxembourg,2022-S2,,2313,,,,,
dataflow,ESTAT:TPS00155(1.0),Minimum wages,S,"Half-yearly, semesterly",EUR,Euro,LU,Luxembourg,2023-S1,,2387,,,,,
dataflow,ESTAT:TPS00155(1.0),Minimum wages,S,"Half-yearly, semesterly",EUR,Euro,LU,Luxembourg,2023-S2,,2508,,,,,
dataflow,ESTAT:TPS00155(1.0),Minimum wages,S,"Half-yearly, semesterly",EUR,Euro,LU,Luxembourg,2024-S1,,2571,,,,,
dataflow,ESTAT:TPS00155(1.0),Minimum wages,S,"Half-yearly, semesterly",EUR,Euro,LU,Luxembourg,2024-S2,,2571,,,,,
dataflow,ESTAT:TPS00155(1.0),Minimum wages,S,"Half-yearly, semesterly",EUR,Euro,LU,Luxembourg,2025-S1,,2638,,,,,
dataflow,ESTAT:TPS00155(1.0),Minimum wages,S,"Half-yearly, semesterly",EUR,Euro,LU,Luxembourg,2025-S2,,2704,,,,,
dataflow,ESTAT:TPS00155(1.0),Minimum wages,S,"Half-yearly, semesterly",EUR,Euro,LV,Latvia,2020-S1,,430,,,,,
dataflow,ESTAT:TPS00155(1.0),Minimum wages,S,"Half-yearly, semesterly",EUR,Euro,LV,Latvia,2020-S2,,430,,,,,
dataflow,ESTAT:TPS00155(1.0),Minimum wages,S,"Half-yearly, semesterly",EUR,Euro,LV,Latvia,2021-S1,,500,,,,,
dataflow,ESTAT:TPS00155(1.0),Minimum wages,S,"Half-yearly, semesterly",EUR,Euro,LV,Latvia,2021-S2,,500,,,,,
dataflow,ESTAT:TPS00155(1.0),Minimum wages,S,"Half-yearly, semesterly",EUR,Euro,LV,Latvia,2022-S1,,500,,,,,
dataflow,ESTAT:TPS00155(1.0),Minimum wages,S,"Half-yearly, semesterly",EUR,Euro,LV,Latvia,2022-S2,,500,,,,,
dataflow,ESTAT:TPS00155(1.0),Minimum wages,S,"Half-yearly, semesterly",EUR,Euro,LV,Latvia,2023-S1,,620,,,,,
dataflow,ESTAT:TPS00155(1.0),Minimum wages,S,"Half-yearly, semesterly",EUR,Euro,LV,Latvia,2023-S2,,620,,,,,
dataflow,ESTAT:TPS00155(1.0),Minimum wages,S,"Half-yearly, semesterly",EUR,Euro,LV,Latvia,2024-S1,,700,,,,,
dataflow,ESTAT:TPS00155(1.0),Minimum wages,S,"Half-yearly, semesterly",EUR,Euro,LV,Latvia,2024-S2,,700,,,,,
dataflow,ESTAT:TPS00155(1.0),Minimum wages,S,"Half-yearly, semesterly",EUR,Euro,LV,Latvia,2025-S1,,740,,,,,
dataflow,ESTAT:TPS00155(1.0),Minimum wages,S,"Half-yearly, semesterly",EUR,Euro,LV,Latvia,2025-S2,,740,,,,,
dataflow,ESTAT:TPS00155(1.0),Minimum wages,S,"Half-yearly, semesterly",EUR,Euro,MD,Moldova,2020-S1,,52,,,,,
dataflow,ESTAT:TPS00155(1.0),Minimum wages,S,"Half-yearly, semesterly",EUR,Euro,MD,Moldova,2020-S2,,51,,,,,
dataflow,ESTAT:TPS00155(1.0),Minimum wages,S,"Half-yearly, semesterly",EUR,Euro,MD,Moldova,2021-S1,,47,,,,,
dataflow,ESTAT:TPS00155(1.0),Minimum wages,S,"Half-yearly, semesterly",EUR,Euro,MD,Moldova,2021-S2,,47,,,,,
dataflow,ESTAT:TPS00155(1.0),Minimum wages,S,"Half-yearly, semesterly",EUR,Euro,MD,Moldova,2022-S1,,50,,,,,
dataflow,ESTAT:TPS00155(1.0),Minimum wages,S,"Half-yearly, semesterly",EUR,Euro,MD,Moldova,2022-S2,,50,,,,,
dataflow,ESTAT:TPS00155(1.0),Minimum wages,S,"Half-yearly, semesterly",EUR,Euro,MD,Moldova,2023-S1,,196,,,,,
dataflow,ESTAT:TPS00155(1.0),Minimum wages,S,"Half-yearly, semesterly",EUR,Euro,MD,Moldova,2023-S2,,200,,,,,
dataflow,ESTAT:TPS00155(1.0),Minimum wages,S,"Half-yearly, semesterly",EUR,Euro,MD,Moldova,2024-S1,,258,,,,,
dataflow,ESTAT:TPS00155(1.0),Minimum wages,S,"Half-yearly, semesterly",EUR,Euro,MD,Moldova,2024-S2,,261,,,,,
dataflow,ESTAT:TPS00155(1.0),Minimum wages,S,"Half-yearly, semesterly",EUR,Euro,MD,Moldova,2025-S1,,285,,,,,
dataflow,ESTAT:TPS00155(1.0),Minimum wages,S,"Half-yearly, semesterly",EUR,Euro,MD,Moldova,2025-S2,,285,,,,,
dataflow,ESTAT:TPS00155(1.0),Minimum wages,S,"Half-yearly, semesterly",EUR,Euro,ME,Montenegro,2020-S1,,331,,,,,
dataflow,ESTAT:TPS00155(1.0),Minimum wages,S,"Half-yearly, semesterly",EUR,Euro,ME,Montenegro,2020-S2,,331,,,,,
dataflow,ESTAT:TPS00155(1.0),Minimum wages,S,"Half-yearly, semesterly",EUR,Euro,ME,Montenegro,2021-S1,,331,,,,,
dataflow,ESTAT:TPS00155(1.0),Minimum wages,S,"Half-yearly, semesterly",EUR,Euro,ME,Montenegro,2021-S2,,331,,,,,
dataflow,ESTAT:TPS00155(1.0),Minimum wages,S,"Half-yearly, semesterly",EUR,Euro,ME,Montenegro,2022-S1,,533,,,,,
dataflow,ESTAT:TPS00155(1.0),Minimum wages,S,"Half-yearly, semesterly",EUR,Euro,ME,Montenegro,2022-S2,,533,,,,,
dataflow,ESTAT:TPS00155(1.0),Minimum wages,S,"Half-yearly, semesterly",EUR,Euro,ME,Montenegro,2023-S1,,533,,,,,
dataflow,ESTAT:TPS00155(1.0),Minimum wages,S,"Half-yearly, semesterly",EUR,Euro,ME,Montenegro,2023-S2,,533,,,,,
dataflow,ESTAT:TPS00155(1.0),Minimum wages,S,"Half-yearly, semesterly",EUR,Euro,ME,Montenegro,2024-S1,,533,,,,,
dataflow,ESTAT:TPS00155(1.0),Minimum wages,S,"Half-yearly, semesterly",EUR,Euro,ME,Montenegro,2024-S2,,533,,,,,
dataflow,ESTAT:TPS00155(1.0),Minimum wages,S,"Half-yearly, semesterly",EUR,Euro,ME,Montenegro,2025-S1,,670,,,,,
dataflow,ESTAT:TPS00155(1.0),Minimum wages,S,"Half-yearly, semesterly",EUR,Euro,ME,Montenegro,2025-S2,,670,,,,,
dataflow,ESTAT:TPS00155(1.0),Minimum wages,S,"Half-yearly, semesterly",EUR,Euro,MK,North Macedonia,2020-S1,,342,,,,,
dataflow,ESTAT:TPS00155(1.0),Minimum wages,S,"Half-yearly, semesterly",EUR,Euro,MK,North Macedonia,2020-S2,,342,,,,,
dataflow,ESTAT:TPS00155(1.0),Minimum wages,S,"Half-yearly, semesterly",EUR,Euro,MK,North Macedonia,2021-S1,,353,,,,,
dataflow,ESTAT:TPS00155(1.0),Minimum wages,S,"Half-yearly, semesterly",EUR,Euro,MK,North Macedonia,2021-S2,,359,,,,,
dataflow,ESTAT:TPS00155(1.0),Minimum wages,S,"Half-yearly, semesterly",EUR,Euro,MK,North Macedonia,2022-S1,,359,,,,,
dataflow,ESTAT:TPS00155(1.0),Minimum wages,S,"Half-yearly, semesterly",EUR,Euro,MK,North Macedonia,2022-S2,,430,,,,,
dataflow,ESTAT:TPS00155(1.0),Minimum wages,S,"Half-yearly, semesterly",EUR,Euro,MK,North Macedonia,2023-S1,,429,,,,,
dataflow,ESTAT:TPS00155(1.0),Minimum wages,S,"Half-yearly, semesterly",EUR,Euro,MK,North Macedonia,2023-S2,,484,,,,,
dataflow,ESTAT:TPS00155(1.0),Minimum wages,S,"Half-yearly, semesterly",EUR,Euro,MK,North Macedonia,2024-S1,,483,,,,,
dataflow,ESTAT:TPS00155(1.0),Minimum wages,S,"Half-yearly, semesterly",EUR,Euro,MK,North Macedonia,2024-S2,,542,,,,,
dataflow,ESTAT:TPS00155(1.0),Minimum wages,S,"Half-yearly, semesterly",EUR,Euro,MK,North Macedonia,2025-S1,,541,,,,,
dataflow,ESTAT:TPS00155(1.0),Minimum wages,S,"Half-yearly, semesterly",EUR,Euro,MK,North Macedonia,2025-S2,,584,,,,,
dataflow,ESTAT:TPS00155(1.0),Minimum wages,S,"Half-yearly, semesterly",EUR,Euro,MT,Malta,2020-S1,,777,,,,,
dataflow,ESTAT:TPS00155(1.0),Minimum wages,S,"Half-yearly, semesterly",EUR,Euro,MT,Malta,2020-S2,,777,,,,,
dataflow,ESTAT:TPS00155(1.0),Minimum wages,S,"Half-yearly, semesterly",EUR,Euro,MT,Malta,2021-S1,,785,,,,,
dataflow,ESTAT:TPS00155(1.0),Minimum wages,S,"Half-yearly, semesterly",EUR,Euro,MT,Malta,2021-S2,,785,,,,,
dataflow,ESTAT:TPS00155(1.0),Minimum wages,S,"Half-yearly, semesterly",EUR,Euro,MT,Malta,2022-S1,,792,,,,,
dataflow,ESTAT:TPS00155(1.0),Minimum wages,S,"Half-yearly, semesterly",EUR,Euro,MT,Malta,2022-S2,,792,,,,,
dataflow,ESTAT:TPS00155(1.0),Minimum wages,S,"Half-yearly, semesterly",EUR,Euro,MT,Malta,2023-S1,,835,,,,,
dataflow,ESTAT:TPS00155(1.0),Minimum wages,S,"Half-yearly, semesterly",EUR,Euro,MT,Malta,2023-S2,,835,,,,,
dataflow,ESTAT:TPS00155(1.0),Minimum wages,S,"Half-yearly, semesterly",EUR,Euro,MT,Malta,2024-S1,,925,,,,,
dataflow,ESTAT:TPS00155(1.0),Minimum wages,S,"Half-yearly, semesterly",EUR,Euro,MT,Malta,2024-S2,,925,,,,,
dataflow,ESTAT:TPS00155(1.0),Minimum wages,S,"Half-yearly, semesterly",EUR,Euro,MT,Malta,2025-S1,,961,,,,,
dataflow,ESTAT:TPS00155(1.0),Minimum wages,S,"Half-yearly, semesterly",EUR,Euro,MT,Malta,2025-S2,,961,,,,,
dataflow,ESTAT:TPS00155(1.0),Minimum wages,S,"Half-yearly, semesterly",EUR,Euro,NL,Netherlands,2020-S1,,1654,,,,,
dataflow,ESTAT:TPS00155(1.0),Minimum wages,S,"Half-yearly, semesterly",EUR,Euro,NL,Netherlands,2020-S2,,1680,,,,,
dataflow,ESTAT:TPS00155(1.0),Minimum wages,S,"Half-yearly, semesterly",EUR,Euro,NL,Netherlands,2021-S1,,1685,,,,,
dataflow,ESTAT:TPS00155(1.0),Minimum wages,S,"Half-yearly, semesterly",EUR,Euro,NL,Netherlands,2021-S2,,1701,,,,,
dataflow,ESTAT:TPS00155(1.0),Minimum wages,S,"Half-yearly, semesterly",EUR,Euro,NL,Netherlands,2022-S1,,1725,,,,,
dataflow,ESTAT:TPS00155(1.0),Minimum wages,S,"Half-yearly, semesterly",EUR,Euro,NL,Netherlands,2022-S2,,1756,,,,,
dataflow,ESTAT:TPS00155(1.0),Minimum wages,S,"Half-yearly, semesterly",EUR,Euro,NL,Netherlands,2023-S1,,1934,,,,,
dataflow,ESTAT:TPS00155(1.0),Minimum wages,S,"Half-yearly, semesterly",EUR,Euro,NL,Netherlands,2023-S2,,1995,,,,,
dataflow,ESTAT:TPS00155(1.0),Minimum wages,S,"Half-yearly, semesterly",EUR,Euro,NL,Netherlands,2024-S1,,2070,,,,,
dataflow,ESTAT:TPS00155(1.0),Minimum wages,S,"Half-yearly, semesterly",EUR,Euro,NL,Netherlands,2024-S2,,2134,,,,,
dataflow,ESTAT:TPS00155(1.0),Minimum wages,S,"Half-yearly, semesterly",EUR,Euro,NL,Netherlands,2025-S1,,2193,,,,,
dataflow,ESTAT:TPS00155(1.0),Minimum wages,S,"Half-yearly, semesterly",EUR,Euro,NL,Netherlands,2025-S2,,2246,,,,,
dataflow,ESTAT:TPS00155(1.0),Minimum wages,S,"Half-yearly, semesterly",EUR,Euro,NO,Norway,2020-S1,,,,m,missing value; data cannot exist,,
dataflow,ESTAT:TPS00155(1.0),Minimum wages,S,"Half-yearly, semesterly",EUR,Euro,NO,Norway,2020-S2,,,,m,missing value; data cannot exist,,
dataflow,ESTAT:TPS00155(1.0),Minimum wages,S,"Half-yearly, semesterly",EUR,Euro,NO,Norway,2021-S1,,,,m,missing value; data cannot exist,,
dataflow,ESTAT:TPS00155(1.0),Minimum wages,S,"Half-yearly, semesterly",EUR,Euro,NO,Norway,2021-S2,,,,m,missing value; data cannot exist,,
dataflow,ESTAT:TPS00155(1.0),Minimum wages,S,"Half-yearly, semesterly",EUR,Euro,NO,Norway,2022-S1,,,,m,missing value; data cannot exist,,
dataflow,ESTAT:TPS00155(1.0),Minimum wages,S,"Half-yearly, semesterly",EUR,Euro,NO,Norway,2022-S2,,,,m,missing value; data cannot exist,,
dataflow,ESTAT:TPS00155(1.0),Minimum wages,S,"Half-yearly, semesterly",EUR,Euro,NO,Norway,2023-S1,,,,m,missing value; data cannot exist,,
dataflow,ESTAT:TPS00155(1.0),Minimum wages,S,"Half-yearly, semesterly",EUR,Euro,NO,Norway,2023-S2,,,,m,missing value; data cannot exist,,
dataflow,ESTAT:TPS00155(1.0),Minimum wages,S,"Half-yearly, semesterly",EUR,Euro,NO,Norway,2024-S1,,,,m,missing value; data cannot exist,,
dataflow,ESTAT:TPS00155(1.0),Minimum wages,S,"Half-yearly, semesterly",EUR,Euro,NO,Norway,2024-S2,,,,m,missing value; data cannot exist,,
dataflow,ESTAT:TPS00155(1.0),Minimum wages,S,"Half-yearly, semesterly",EUR,Euro,NO,Norway,2025-S1,,,,m,missing value; data cannot exist,,
dataflow,ESTAT:TPS00155(1.0),Minimum wages,S,"Half-yearly, semesterly",EUR,Euro,NO,Norway,2025-S2,,,,m,missing value; data cannot exist,,
dataflow,ESTAT:TPS00155(1.0),Minimum wages,S,"Half-yearly, semesterly",EUR,Euro,PL,Poland,2020-S1,,611,,,,,
dataflow,ESTAT:TPS00155(1.0),Minimum wages,S,"Half-yearly, semesterly",EUR,Euro,PL,Poland,2020-S2,,583,,,,,
dataflow,ESTAT:TPS00155(1.0),Minimum wages,S,"Half-yearly, semesterly",EUR,Euro,PL,Poland,2021-S1,,614,,,,,
dataflow,ESTAT:TPS00155(1.0),Minimum wages,S,"Half-yearly, semesterly",EUR,Euro,PL,Poland,2021-S2,,619,,,,,
dataflow,ESTAT:TPS00155(1.0),Minimum wages,S,"Half-yearly, semesterly",EUR,Euro,PL,Poland,2022-S1,,655,,,,,
dataflow,ESTAT:TPS00155(1.0),Minimum wages,S,"Half-yearly, semesterly",EUR,Euro,PL,Poland,2022-S2,,642,,,,,
dataflow,ESTAT:TPS00155(1.0),Minimum wages,S,"Half-yearly, semesterly",EUR,Euro,PL,Poland,2023-S1,,746,,,,,
dataflow,ESTAT:TPS00155(1.0),Minimum wages,S,"Half-yearly, semesterly",EUR,Euro,PL,Poland,2023-S2,,811,,,,,
dataflow,ESTAT:TPS00155(1.0),Minimum wages,S,"Half-yearly, semesterly",EUR,Euro,PL,Poland,2024-S1,,978,,,,,
dataflow,ESTAT:TPS00155(1.0),Minimum wages,S,"Half-yearly, semesterly",EUR,Euro,PL,Poland,2024-S2,,998,,,,,
dataflow,ESTAT:TPS00155(1.0),Minimum wages,S,"Half-yearly, semesterly",EUR,Euro,PL,Poland,2025-S1,,1091,,,,,
dataflow,ESTAT:TPS00155(1.0),Minimum wages,S,"Half-yearly, semesterly",EUR,Euro,PL,Poland,2025-S2,,1100,,,,,
dataflow,ESTAT:TPS00155(1.0),Minimum wages,S,"Half-yearly, semesterly",EUR,Euro,PT,Portugal,2020-S1,,741,,,,,
dataflow,ESTAT:TPS00155(1.0),Minimum wages,S,"Half-yearly, semesterly",EUR,Euro,PT,Portugal,2020-S2,,741,,,,,
dataflow,ESTAT:TPS00155(1.0),Minimum wages,S,"Half-yearly, semesterly",EUR,Euro,PT,Portugal,2021-S1,,776,,,,,
dataflow,ESTAT:TPS00155(1.0),Minimum wages,S,"Half-yearly, semesterly",EUR,Euro,PT,Portugal,2021-S2,,776,,,,,
dataflow,ESTAT:TPS00155(1.0),Minimum wages,S,"Half-yearly, semesterly",EUR,Euro,PT,Portugal,2022-S1,,823,,,,,
dataflow,ESTAT:TPS00155(1.0),Minimum wages,S,"Half-yearly, semesterly",EUR,Euro,PT,Portugal,2022-S2,,823,,,,,
dataflow,ESTAT:TPS00155(1.0),Minimum wages,S,"Half-yearly, semesterly",EUR,Euro,PT,Portugal,2023-S1,,887,,,,,
dataflow,ESTAT:TPS00155(1.0),Minimum wages,S,"Half-yearly, semesterly",EUR,Euro,PT,Portugal,2023-S2,,887,,,,,
dataflow,ESTAT:TPS00155(1.0),Minimum wages,S,"Half-yearly, semesterly",EUR,Euro,PT,Portugal,2024-S1,,957,,,,,
dataflow,ESTAT:TPS00155(1.0),Minimum wages,S,"Half-yearly, semesterly",EUR,Euro,PT,Portugal,2024-S2,,957,,,,,
dataflow,ESTAT:TPS00155(1.0),Minimum wages,S,"Half-yearly, semesterly",EUR,Euro,PT,Portugal,2025-S1,,1015,,,,,
dataflow,ESTAT:TPS00155(1.0),Minimum wages,S,"Half-yearly, semesterly",EUR,Euro,PT,Portugal,2025-S2,,1015,,,,,
dataflow,ESTAT:TPS00155(1.0),Minimum wages,S,"Half-yearly, semesterly",EUR,Euro,RO,Romania,2020-S1,,466,,,,,
dataflow,ESTAT:TPS00155(1.0),Minimum wages,S,"Half-yearly, semesterly",EUR,Euro,RO,Romania,2020-S2,,461,,,,,
dataflow,ESTAT:TPS00155(1.0),Minimum wages,S,"Half-yearly, semesterly",EUR,Euro,RO,Romania,2021-S1,,458,,,,,
dataflow,ESTAT:TPS00155(1.0),Minimum wages,S,"Half-yearly, semesterly",EUR,Euro,RO,Romania,2021-S2,,467,,,,,
dataflow,ESTAT:TPS00155(1.0),Minimum wages,S,"Half-yearly, semesterly",EUR,Euro,RO,Romania,2022-S1,,515,,,,,
dataflow,ESTAT:TPS00155(1.0),Minimum wages,S,"Half-yearly, semesterly",EUR,Euro,RO,Romania,2022-S2,,516,,,,,
dataflow,ESTAT:TPS00155(1.0),Minimum wages,S,"Half-yearly, semesterly",EUR,Euro,RO,Romania,2023-S1,,606,,,,,
dataflow,ESTAT:TPS00155(1.0),Minimum wages,S,"Half-yearly, semesterly",EUR,Euro,RO,Romania,2023-S2,,604,,,,,
dataflow,ESTAT:TPS00155(1.0),Minimum wages,S,"Half-yearly, semesterly",EUR,Euro,RO,Romania,2024-S1,,663,,,,,
dataflow,ESTAT:TPS00155(1.0),Minimum wages,S,"Half-yearly, semesterly",EUR,Euro,RO,Romania,2024-S2,,743,,,,,
dataflow,ESTAT:TPS00155(1.0),Minimum wages,S,"Half-yearly, semesterly",EUR,Euro,RO,Romania,2025-S1,,814,,,,,
dataflow,ESTAT:TPS00155(1.0),Minimum wages,S,"Half-yearly, semesterly",EUR,Euro,RO,Romania,2025-S2,,797,,,,,
dataflow,ESTAT:TPS00155(1.0),Minimum wages,S,"Half-yearly, semesterly",EUR,Euro,RS,Serbia,2020-S1,,344,,,,,
dataflow,ESTAT:TPS00155(1.0),Minimum wages,S,"Half-yearly, semesterly",EUR,Euro,RS,Serbia,2020-S2,,344,,,,,
dataflow,ESTAT:TPS00155(1.0),Minimum wages,S,"Half-yearly, semesterly",EUR,Euro,RS,Serbia,2021-S1,,366,,,,,
dataflow,ESTAT:TPS00155(1.0),Minimum wages,S,"Half-yearly, semesterly",EUR,Euro,RS,Serbia,2021-S2,,366,,,,,
dataflow,ESTAT:TPS00155(1.0),Minimum wages,S,"Half-yearly, semesterly",EUR,Euro,RS,Serbia,2022-S1,,401,,,,,
dataflow,ESTAT:TPS00155(1.0),Minimum wages,S,"Half-yearly, semesterly",EUR,Euro,RS,Serbia,2022-S2,,402,,,,,
dataflow,ESTAT:TPS00155(1.0),Minimum wages,S,"Half-yearly, semesterly",EUR,Euro,RS,Serbia,2023-S1,,460,,,,,
dataflow,ESTAT:TPS00155(1.0),Minimum wages,S,"Half-yearly, semesterly",EUR,Euro,RS,Serbia,2023-S2,,461,,,,,
dataflow,ESTAT:TPS00155(1.0),Minimum wages,S,"Half-yearly, semesterly",EUR,Euro,RS,Serbia,2024-S1,,544,,,,,
dataflow,ESTAT:TPS00155(1.0),Minimum wages,S,"Half-yearly, semesterly",EUR,Euro,RS,Serbia,2024-S2,,544,,,,,
dataflow,ESTAT:TPS00155(1.0),Minimum wages,S,"Half-yearly, semesterly",EUR,Euro,RS,Serbia,2025-S1,,619,,,,,
dataflow,ESTAT:TPS00155(1.0),Minimum wages,S,"Half-yearly, semesterly",EUR,Euro,RS,Serbia,2025-S2,,618,,,,,
dataflow,ESTAT:TPS00155(1.0),Minimum wages,S,"Half-yearly, semesterly",EUR,Euro,SE,Sweden,2020-S1,,,,m,missing value; data cannot exist,,
dataflow,ESTAT:TPS00155(1.0),Minimum wages,S,"Half-yearly, semesterly",EUR,Euro,SE,Sweden,2020-S2,,,,m,missing value; data cannot exist,,
dataflow,ESTAT:TPS00155(1.0),Minimum wages,S,"Half-yearly, semesterly",EUR,Euro,SE,Sweden,2021-S1,,,,m,missing value; data cannot exist,,
dataflow,ESTAT:TPS00155(1.0),Minimum wages,S,"Half-yearly, semesterly",EUR,Euro,SE,Sweden,2021-S2,,,,m,missing value; data cannot exist,,
dataflow,ESTAT:TPS00155(1.0),Minimum wages,S,"Half-yearly, semesterly",EUR,Euro,SE,Sweden,2022-S1,,,,m,missing value; data cannot exist,,
dataflow,ESTAT:TPS00155(1.0),Minimum wages,S,"Half-yearly, semesterly",EUR,Euro,SE,Sweden,2022-S2,,,,m,missing value; data cannot exist,,
dataflow,ESTAT:TPS00155(1.0),Minimum wages,S,"Half-yearly, semesterly",EUR,Euro,SE,Sweden,2023-S1,,,,m,missing value; data cannot exist,,
dataflow,ESTAT:TPS00155(1.0),Minimum wages,S,"Half-yearly, semesterly",EUR,Euro,SE,Sweden,2023-S2,,,,m,missing value; data cannot exist,,
dataflow,ESTAT:TPS00155(1.0),Minimum wages,S,"Half-yearly, semesterly",EUR,Euro,SE,Sweden,2024-S1,,,,m,missing value; data cannot exist,,
dataflow,ESTAT:TPS00155(1.0),Minimum wages,S,"Half-yearly, semesterly",EUR,Euro,SE,Sweden,2024-S2,,,,m,missing value; data cannot exist,,
dataflow,ESTAT:TPS00155(1.0),Minimum wages,S,"Half-yearly, semesterly",EUR,Euro,SE,Sweden,2025-S1,,,,m,missing value; data cannot exist,,
dataflow,ESTAT:TPS00155(1.0),Minimum wages,S,"Half-yearly, semesterly",EUR,Euro,SE,Sweden,2025-S2,,,,m,missing value; data cannot exist,,
dataflow,ESTAT:TPS00155(1.0),Minimum wages,S,"Half-yearly, semesterly",EUR,Euro,SI,Slovenia,2020-S1,,941,,,,,
dataflow,ESTAT:TPS00155(1.0),Minimum wages,S,"Half-yearly, semesterly",EUR,Euro,SI,Slovenia,2020-S2,,941,,,,,
dataflow,ESTAT:TPS00155(1.0),Minimum wages,S,"Half-yearly, semesterly",EUR,Euro,SI,Slovenia,2021-S1,,1024,,,,,
dataflow,ESTAT:TPS00155(1.0),Minimum wages,S,"Half-yearly, semesterly",EUR,Euro,SI,Slovenia,2021-S2,,1024,,,,,
dataflow,ESTAT:TPS00155(1.0),Minimum wages,S,"Half-yearly, semesterly",EUR,Euro,SI,Slovenia,2022-S1,,1074,,,,,
dataflow,ESTAT:TPS00155(1.0),Minimum wages,S,"Half-yearly, semesterly",EUR,Euro,SI,Slovenia,2022-S2,,1074,,,,,
dataflow,ESTAT:TPS00155(1.0),Minimum wages,S,"Half-yearly, semesterly",EUR,Euro,SI,Slovenia,2023-S1,,1203,,,,,
dataflow,ESTAT:TPS00155(1.0),Minimum wages,S,"Half-yearly, semesterly",EUR,Euro,SI,Slovenia,2023-S2,,1203,,,,,
dataflow,ESTAT:TPS00155(1.0),Minimum wages,S,"Half-yearly, semesterly",EUR,Euro,SI,Slovenia,2024-S1,,1254,,,,,
dataflow,ESTAT:TPS00155(1.0),Minimum wages,S,"Half-yearly, semesterly",EUR,Euro,SI,Slovenia,2024-S2,,1254,,,,,
dataflow,ESTAT:TPS00155(1.0),Minimum wages,S,"Half-yearly, semesterly",EUR,Euro,SI,Slovenia,2025-S1,,1278,,,,,
dataflow,ESTAT:TPS00155(1.0),Minimum wages,S,"Half-yearly, semesterly",EUR,Euro,SI,Slovenia,2025-S2,,1278,,,,,
dataflow,ESTAT:TPS00155(1.0),Minimum wages,S,"Half-yearly, semesterly",EUR,Euro,SK,Slovakia,2020-S1,,580,,,,,
dataflow,ESTAT:TPS00155(1.0),Minimum wages,S,"Half-yearly, semesterly",EUR,Euro,SK,Slovakia,2020-S2,,580,,,,,
dataflow,ESTAT:TPS00155(1.0),Minimum wages,S,"Half-yearly, semesterly",EUR,Euro,SK,Slovakia,2021-S1,,623,,,,,
dataflow,ESTAT:TPS00155(1.0),Minimum wages,S,"Half-yearly, semesterly",EUR,Euro,SK,Slovakia,2021-S2,,623,,,,,
dataflow,ESTAT:TPS00155(1.0),Minimum wages,S,"Half-yearly, semesterly",EUR,Euro,SK,Slovakia,2022-S1,,646,,,,,
dataflow,ESTAT:TPS00155(1.0),Minimum wages,S,"Half-yearly, semesterly",EUR,Euro,SK,Slovakia,2022-S2,,646,,,,,
dataflow,ESTAT:TPS00155(1.0),Minimum wages,S,"Half-yearly, semesterly",EUR,Euro,SK,Slovakia,2023-S1,,700,,,,,
dataflow,ESTAT:TPS00155(1.0),Minimum wages,S,"Half-yearly, semesterly",EUR,Euro,SK,Slovakia,2023-S2,,700,,,,,
dataflow,ESTAT:TPS00155(1.0),Minimum wages,S,"Half-yearly, semesterly",EUR,Euro,SK,Slovakia,2024-S1,,750,,,,,
dataflow,ESTAT:TPS00155(1.0),Minimum wages,S,"Half-yearly, semesterly",EUR,Euro,SK,Slovakia,2024-S2,,750,,,,,
dataflow,ESTAT:TPS00155(1.0),Minimum wages,S,"Half-yearly, semesterly",EUR,Euro,SK,Slovakia,2025-S1,,816,,,,,
dataflow,ESTAT:TPS00155(1.0),Minimum wages,S,"Half-yearly, semesterly",EUR,Euro,SK,Slovakia,2025-S2,,816,,,,,
dataflow,ESTAT:TPS00155(1.0),Minimum wages,S,"Half-yearly, semesterly",EUR,Euro,TR,Türkiye,2020-S1,,440,,,,,
dataflow,ESTAT:TPS00155(1.0),Minimum wages,S,"Half-yearly, semesterly",EUR,Euro,TR,Türkiye,2020-S2,,383,,,,,
dataflow,ESTAT:TPS00155(1.0),Minimum wages,S,"Half-yearly, semesterly",EUR,Euro,TR,Türkiye,2021-S1,,393,,,,,
dataflow,ESTAT:TPS00155(1.0),Minimum wages,S,"Half-yearly, semesterly",EUR,Euro,TR,Türkiye,2021-S2,,347,,,,,
dataflow,ESTAT:TPS00155(1.0),Minimum wages,S,"Half-yearly, semesterly",EUR,Euro,TR,Türkiye,2022-S1,,328,,,,,
dataflow,ESTAT:TPS00155(1.0),Minimum wages,S,"Half-yearly, semesterly",EUR,Euro,TR,Türkiye,2022-S2,,374,,,,,
dataflow,ESTAT:TPS00155(1.0),Minimum wages,S,"Half-yearly, semesterly",EUR,Euro,TR,Türkiye,2023-S1,,501,,,,,
dataflow,ESTAT:TPS00155(1.0),Minimum wages,S,"Half-yearly, semesterly",EUR,Euro,TR,Türkiye,2023-S2,,474,,,,,
dataflow,ESTAT:TPS00155(1.0),Minimum wages,S,"Half-yearly, semesterly",EUR,Euro,TR,Türkiye,2024-S1,,613,,,,,
dataflow,ESTAT:TPS00155(1.0),Minimum wages,S,"Half-yearly, semesterly",EUR,Euro,TR,Türkiye,2024-S2,,568,,,,,
dataflow,ESTAT:TPS00155(1.0),Minimum wages,S,"Half-yearly, semesterly",EUR,Euro,TR,Türkiye,2025-S1,,708,,,,,
dataflow,ESTAT:TPS00155(1.0),Minimum wages,S,"Half-yearly, semesterly",EUR,Euro,TR,Türkiye,2025-S2,,558,,,,,
dataflow,ESTAT:TPS00155(1.0),Minimum wages,S,"Half-yearly, semesterly",EUR,Euro,UA,Ukraine,2020-S1,,183,,,,,
dataflow,ESTAT:TPS00155(1.0),Minimum wages,S,"Half-yearly, semesterly",EUR,Euro,UA,Ukraine,2020-S2,,158,,,,,
dataflow,ESTAT:TPS00155(1.0),Minimum wages,S,"Half-yearly, semesterly",EUR,Euro,UA,Ukraine,2021-S1,,173,,,,,
dataflow,ESTAT:TPS00155(1.0),Minimum wages,S,"Half-yearly, semesterly",EUR,Euro,UA,Ukraine,2021-S2,,186,,,,,
dataflow,ESTAT:TPS00155(1.0),Minimum wages,S,"Half-yearly, semesterly",EUR,Euro,UA,Ukraine,2022-S1,,210,,,,,
dataflow,ESTAT:TPS00155(1.0),Minimum wages,S,"Half-yearly, semesterly",EUR,Euro,UA,Ukraine,2022-S2,,211,,,,,
dataflow,ESTAT:TPS00155(1.0),Minimum wages,S,"Half-yearly, semesterly",EUR,Euro,UA,Ukraine,2023-S1,,172,,,,,
dataflow,ESTAT:TPS00155(1.0),Minimum wages,S,"Half-yearly, semesterly",EUR,Euro,UA,Ukraine,2023-S2,,168,,,,,
dataflow,ESTAT:TPS00155(1.0),Minimum wages,S,"Half-yearly, semesterly",EUR,Euro,UA,Ukraine,2024-S1,,168,,,,,
dataflow,ESTAT:TPS00155(1.0),Minimum wages,S,"Half-yearly, semesterly",EUR,Euro,UA,Ukraine,2024-S2,,185,,,,,
dataflow,ESTAT:TPS00155(1.0),Minimum wages,S,"Half-yearly, semesterly",EUR,Euro,UA,Ukraine,2025-S1,,182,,,,,
dataflow,ESTAT:TPS00155(1.0),Minimum wages,S,"Half-yearly, semesterly",EUR,Euro,UA,Ukraine,2025-S2,,164,,,,,
dataflow,ESTAT:TPS00155(1.0),Minimum wages,S,"Half-yearly, semesterly",EUR,Euro,UK,United Kingdom,2020-S1,,1599,,,,,
dataflow,ESTAT:TPS00155(1.0),Minimum wages,S,"Half-yearly, semesterly",EUR,Euro,UK,United Kingdom,2020-S2,,1583,,,,,
dataflow,ESTAT:TPS00155(1.0),Minimum wages,S,"Half-yearly, semesterly",EUR,Euro,US,United States,2020-S1,,1119,,,,,
dataflow,ESTAT:TPS00155(1.0),Minimum wages,S,"Half-yearly, semesterly",EUR,Euro,US,United States,2020-S2,,1122,,,,,
dataflow,ESTAT:TPS00155(1.0),Minimum wages,S,"Half-yearly, semesterly",EUR,Euro,US,United States,2021-S1,,1024,,,,,
dataflow,ESTAT:TPS00155(1.0),Minimum wages,S,"Half-yearly, semesterly",EUR,Euro,US,United States,2021-S2,,1057,,,,,
dataflow,ESTAT:TPS00155(1.0),Minimum wages,S,"Half-yearly, semesterly",EUR,Euro,US,United States,2022-S1,,1110,,,,,
dataflow,ESTAT:TPS00155(1.0),Minimum wages,S,"Half-yearly, semesterly",EUR,Euro,US,United States,2022-S2,,1210,,,,,
dataflow,ESTAT:TPS00155(1.0),Minimum wages,S,"Half-yearly, semesterly",EUR,Euro,US,United States,2023-S1,,1178,,,,,
dataflow,ESTAT:TPS00155(1.0),Minimum wages,S,"Half-yearly, semesterly",EUR,Euro,US,United States,2023-S2,,1157,,,,,
dataflow,ESTAT:TPS00155(1.0),Minimum wages,S,"Half-yearly, semesterly",EUR,Euro,US,United States,2024-S1,,1137,,,,,
dataflow,ESTAT:TPS00155(1.0),Minimum wages,S,"Half-yearly, semesterly",EUR,Euro,US,United States,2024-S2,,1174,,,,,
dataflow,ESTAT:TPS00155(1.0),Minimum wages,S,"Half-yearly, semesterly",EUR,Euro,US,United States,2025-S1,,1210,,,,,
dataflow,ESTAT:TPS00155(1.0),Minimum wages,S,"Half-yearly, semesterly",EUR,Euro,US,United States,2025-S2,,1072,,,,,
