STRUCTURE,STRUCTURE_ID,STRUCTURE_NAME,freq,Time frequency,age,Age class,unit,Unit of measure,sex,Sex,geo,Geopolitical entity (reporting),TIME_PERIOD,Time,OBS_VALUE,Observation value,OBS_FLAG,Observation status (Flag) V2 structure,CONF_STATUS,Confidentiality status (flag)
dataflow,ESTAT:TPS00203(1.0),Total unemployment rate,A,Annual,Y15-74,From 15 to 74 years,PC_ACT,Percentage of population in the labour force,T,Total,AT,Austria,2013,,5.7,,,,,
dataflow,ESTAT:TPS00203(1.0),Total unemployment rate,A,Annual,Y15-74,From 15 to 74 years,PC_ACT,Percentage of population in the labour force,T,Total,AT,Austria,2014,,6.0,,,,,
dataflow,ESTAT:TPS00203(1.0),Total unemployment rate,A,Annual,Y15-74,From 15 to 74 years,PC_ACT,Percentage of population in the labour force,T,Total,AT,Austria,2015,,6.1,,,,,
dataflow,ESTAT:TPS00203(1.0),Total unemployment rate,A,Annual,Y15-74,From 15 to 74 years,PC_ACT,Percentage of population in the labour force,T,Total,AT,Austria,2016,,6.5,,,,,
dataflow,ESTAT:TPS00203(1.0),Total unemployment rate,A,Annual,Y15-74,From 15 to 74 years,PC_ACT,Percentage of population in the labour force,T,Total,AT,Austria,2017,,5.9,,,,,
dataflow,ESTAT:TPS00203(1.0),Total unemployment rate,A,Annual,Y15-74,From 15 to 74 years,PC_ACT,Percentage of population in the labour force,T,Total,AT,Austria,2018,,5.2,,,,,
dataflow,ESTAT:TPS00203(1.0),Total unemployment rate,A,Annual,Y15-74,From 15 to 74 years,PC_ACT,Percentage of population in the labour force,T,Total,AT,Austria,2019,,4.8,,,,,
dataflow,ESTAT:TPS00203(1.0),Total unemployment rate,A,Annual,Y15-74,From 15 to 74 years,PC_ACT,Percentage of population in the labour force,T,Total,AT,Austria,2020,,6.0,,,,,
dataflow,ESTAT:TPS00203(1.0),Total unemployment rate,A,Annual,Y15-74,From 15 to 74 years,PC_ACT,Percentage of population in the labour force,T,Total,AT,Austria,2021,,6.2,,,,,
dataflow,ESTAT:TPS00203(1.0),Total unemployment rate,A,Annual,Y15-74,From 15 to 74 years,PC_ACT,Percentage of population in the labour force,T,Total,AT,Austria,2022,,4.8,,,,,
dataflow,ESTAT:TPS00203(1.0),Total unemployment rate,A,Annual,Y15-74,From 15 to 74 years,PC_ACT,Percentage of population in the labour force,T,Total,AT,Austria,2023,,5.1,,,,,
dataflow,ESTAT:TPS00203(1.0),Total unemployment rate,A,Annual,Y15-74,From 15 to 74 years,PC_ACT,Percentage of population in the labour force,T,Total,AT,Austria,2024,,5.2,,,,,
dataflow,ESTAT:TPS00203(1.0),Total unemployment rate,A,Annual,Y15-74,From 15 to 74 years,PC_ACT,Percentage of population in the labour force,T,Total,BA,Bosnia and Herzegovina,2021,,17.4,,,,,
dataflow,ESTAT:TPS00203(1.0),Total unemployment rate,A,Annual,Y15-74,From 15 to 74 years,PC_ACT,Percentage of population in the labour force,T,Total,BA,Bosnia and Herzegovina,2022,,15.4,,,,,
dataflow,ESTAT:TPS00203(1.0),Total unemployment rate,A,Annual,Y15-74,From 15 to 74 years,PC_ACT,Percentage of population in the labour force,T,Total,BA,Bosnia and Herzegovina,2023,,13.2,,,,,
dataflow,ESTAT:TPS00203(1.0),Total unemployment rate,A,Annual,Y15-74,From 15 to 74 years,PC_ACT,Percentage of population in the labour force,T,Total,BA,Bosnia and Herzegovina,2024,,12.6,,,,,
dataflow,ESTAT:TPS00203(1.0),Total unemployment rate,A,Annual,Y15-74,From 15 to 74 years,PC_ACT,Percentage of population in the labour force,T,Total,BE,Belgium,2013,,8.6,,,,,
dataflow,ESTAT:TPS00203(1.0),Total unemployment rate,A,Annual,Y15-74,From 15 to 74 years,PC_ACT,Percentage of population in the labour force,T,Total,BE,Belgium,2014,,8.7,,,,,
dataflow,ESTAT:TPS00203(1.0),Total unemployment rate,A,Annual,Y15-74,From 15 to 74 years,PC_ACT,Percentage of population in the labour force,T,Total,BE,Belgium,2015,,8.7,,,,,
dataflow,ESTAT:TPS00203(1.0),Total unemployment rate,A,Annual,Y15-74,From 15 to 74 years,PC_ACT,Percentage of population in the labour force,T,Total,BE,Belgium,2016,,7.9,,,,,
dataflow,ESTAT:TPS00203(1.0),Total unemployment rate,A,Annual,Y15-74,From 15 to 74 years,PC_ACT,Percentage of population in the labour force,T,Total,BE,Belgium,2017,,7.2,,b,break in time series,,
dataflow,ESTAT:TPS00203(1.0),Total unemployment rate,A,Annual,Y15-74,From 15 to 74 years,PC_ACT,Percentage of population in the labour force,T,Total,BE,Belgium,2018,,6.0,,,,,
dataflow,ESTAT:TPS00203(1.0),Total unemployment rate,A,Annual,Y15-74,From 15 to 74 years,PC_ACT,Percentage of population in the labour force,T,Total,BE,Belgium,2019,,5.5,,,,,
dataflow,ESTAT:TPS00203(1.0),Total unemployment rate,A,Annual,Y15-74,From 15 to 74 years,PC_ACT,Percentage of population in the labour force,T,Total,BE,Belgium,2020,,5.8,,,,,
dataflow,ESTAT:TPS00203(1.0),Total unemployment rate,A,Annual,Y15-74,From 15 to 74 years,PC_ACT,Percentage of population in the labour force,T,Total,BE,Belgium,2021,,6.3,,,,,
dataflow,ESTAT:TPS00203(1.0),Total unemployment rate,A,Annual,Y15-74,From 15 to 74 years,PC_ACT,Percentage of population in the labour force,T,Total,BE,Belgium,2022,,5.6,,,,,
dataflow,ESTAT:TPS00203(1.0),Total unemployment rate,A,Annual,Y15-74,From 15 to 74 years,PC_ACT,Percentage of population in the labour force,T,Total,BE,Belgium,2023,,5.5,,,,,
dataflow,ESTAT:TPS00203(1.0),Total unemployment rate,A,Annual,Y15-74,From 15 to 74 years,PC_ACT,Percentage of population in the labour force,T,Total,BE,Belgium,2024,,5.7,,,,,
dataflow,ESTAT:TPS00203(1.0),Total unemployment rate,A,Annual,Y15-74,From 15 to 74 years,PC_ACT,Percentage of population in the labour force,T,Total,BG,Bulgaria,2013,,13.9,,,,,
dataflow,ESTAT:TPS00203(1.0),Total unemployment rate,A,Annual,Y15-74,From 15 to 74 years,PC_ACT,Percentage of population in the labour force,T,Total,BG,Bulgaria,2014,,12.4,,,,,
dataflow,ESTAT:TPS00203(1.0),Total unemployment rate,A,Annual,Y15-74,From 15 to 74 years,PC_ACT,Percentage of population in the labour force,T,Total,BG,Bulgaria,2015,,10.1,,,,,
dataflow,ESTAT:TPS00203(1.0),Total unemployment rate,A,Annual,Y15-74,From 15 to 74 years,PC_ACT,Percentage of population in the labour force,T,Total,BG,Bulgaria,2016,,8.6,,,,,
dataflow,ESTAT:TPS00203(1.0),Total unemployment rate,A,Annual,Y15-74,From 15 to 74 years,PC_ACT,Percentage of population in the labour force,T,Total,BG,Bulgaria,2017,,7.2,,,,,
dataflow,ESTAT:TPS00203(1.0),Total unemployment rate,A,Annual,Y15-74,From 15 to 74 years,PC_ACT,Percentage of population in the labour force,T,Total,BG,Bulgaria,2018,,6.2,,,,,
dataflow,ESTAT:TPS00203(1.0),Total unemployment rate,A,Annual,Y15-74,From 15 to 74 years,PC_ACT,Percentage of population in the labour force,T,Total,BG,Bulgaria,2019,,5.2,,b,break in time series,,
dataflow,ESTAT:TPS00203(1.0),Total unemployment rate,A,Annual,Y15-74,From 15 to 74 years,PC_ACT,Percentage of population in the labour force,T,Total,BG,Bulgaria,2020,,6.1,,,,,
dataflow,ESTAT:TPS00203(1.0),Total unemployment rate,A,Annual,Y15-74,From 15 to 74 years,PC_ACT,Percentage of population in the labour force,T,Total,BG,Bulgaria,2021,,5.2,,,,,
dataflow,ESTAT:TPS00203(1.0),Total unemployment rate,A,Annual,Y15-74,From 15 to 74 years,PC_ACT,Percentage of population in the labour force,T,Total,BG,Bulgaria,2022,,4.2,,,,,
dataflow,ESTAT:TPS00203(1.0),Total unemployment rate,A,Annual,Y15-74,From 15 to 74 years,PC_ACT,Percentage of population in the labour force,T,Total,BG,Bulgaria,2023,,4.3,,,,,
dataflow,ESTAT:TPS00203(1.0),Total unemployment rate,A,Annual,Y15-74,From 15 to 74 years,PC_ACT,Percentage of population in the labour force,T,Total,BG,Bulgaria,2024,,4.2,,b,break in time series,,
dataflow,ESTAT:TPS00203(1.0),Total unemployment rate,A,Annual,Y15-74,From 15 to 74 years,PC_ACT,Percentage of population in the labour force,T,Total,CH,Switzerland,2013,,4.8,,,,,
dataflow,ESTAT:TPS00203(1.0),Total unemployment rate,A,Annual,Y15-74,From 15 to 74 years,PC_ACT,Percentage of population in the labour force,T,Total,CH,Switzerland,2014,,4.9,,,,,
dataflow,ESTAT:TPS00203(1.0),Total unemployment rate,A,Annual,Y15-74,From 15 to 74 years,PC_ACT,Percentage of population in the labour force,T,Total,CH,Switzerland,2015,,4.8,,,,,
dataflow,ESTAT:TPS00203(1.0),Total unemployment rate,A,Annual,Y15-74,From 15 to 74 years,PC_ACT,Percentage of population in the labour force,T,Total,CH,Switzerland,2016,,5.0,,,,,
dataflow,ESTAT:TPS00203(1.0),Total unemployment rate,A,Annual,Y15-74,From 15 to 74 years,PC_ACT,Percentage of population in the labour force,T,Total,CH,Switzerland,2017,,4.8,,,,,
dataflow,ESTAT:TPS00203(1.0),Total unemployment rate,A,Annual,Y15-74,From 15 to 74 years,PC_ACT,Percentage of population in the labour force,T,Total,CH,Switzerland,2018,,4.7,,,,,
dataflow,ESTAT:TPS00203(1.0),Total unemployment rate,A,Annual,Y15-74,From 15 to 74 years,PC_ACT,Percentage of population in the labour force,T,Total,CH,Switzerland,2019,,4.4,,,,,
dataflow,ESTAT:TPS00203(1.0),Total unemployment rate,A,Annual,Y15-74,From 15 to 74 years,PC_ACT,Percentage of population in the labour force,T,Total,CH,Switzerland,2020,,4.8,,,,,
dataflow,ESTAT:TPS00203(1.0),Total unemployment rate,A,Annual,Y15-74,From 15 to 74 years,PC_ACT,Percentage of population in the labour force,T,Total,CH,Switzerland,2021,,5.1,,,,,
dataflow,ESTAT:TPS00203(1.0),Total unemployment rate,A,Annual,Y15-74,From 15 to 74 years,PC_ACT,Percentage of population in the labour force,T,Total,CH,Switzerland,2022,,4.1,,,,,
dataflow,ESTAT:TPS00203(1.0),Total unemployment rate,A,Annual,Y15-74,From 15 to 74 years,PC_ACT,Percentage of population in the labour force,T,Total,CH,Switzerland,2023,,4.1,,,,,
dataflow,ESTAT:TPS00203(1.0),Total unemployment rate,A,Annual,Y15-74,From 15 to 74 years,PC_ACT,Percentage of population in the labour force,T,Total,CH,Switzerland,2024,,4.4,,,,,
dataflow,ESTAT:TPS00203(1.0),Total unemployment rate,A,Annual,Y15-74,From 15 to 74 years,PC_ACT,Percentage of population in the labour force,T,Total,CY,Cyprus,2013,,15.9,,,,,
dataflow,ESTAT:TPS00203(1.0),Total unemployment rate,A,Annual,Y15-74,From 15 to 74 years,PC_ACT,Percentage of population in the labour force,T,Total,CY,Cyprus,2014,,16.1,,,,,
dataflow,ESTAT:TPS00203(1.0),Total unemployment rate,A,Annual,Y15-74,From 15 to 74 years,PC_ACT,Percentage of population in the labour force,T,Total,CY,Cyprus,2015,,15.0,,,,,
dataflow,ESTAT:TPS00203(1.0),Total unemployment rate,A,Annual,Y15-74,From 15 to 74 years,PC_ACT,Percentage of population in the labour force,T,Total,CY,Cyprus,2016,,13.0,,,,,
dataflow,ESTAT:TPS00203(1.0),Total unemployment rate,A,Annual,Y15-74,From 15 to 74 years,PC_ACT,Percentage of population in the labour force,T,Total,CY,Cyprus,2017,,11.1,,,,,
dataflow,ESTAT:TPS00203(1.0),Total unemployment rate,A,Annual,Y15-74,From 15 to 74 years,PC_ACT,Percentage of population in the labour force,T,Total,CY,Cyprus,2018,,8.4,,,,,
dataflow,ESTAT:TPS00203(1.0),Total unemployment rate,A,Annual,Y15-74,From 15 to 74 years,PC_ACT,Percentage of population in the labour force,T,Total,CY,Cyprus,2019,,7.2,,,,,
dataflow,ESTAT:TPS00203(1.0),Total unemployment rate,A,Annual,Y15-74,From 15 to 74 years,PC_ACT,Percentage of population in the labour force,T,Total,CY,Cyprus,2020,,7.6,,,,,
dataflow,ESTAT:TPS00203(1.0),Total unemployment rate,A,Annual,Y15-74,From 15 to 74 years,PC_ACT,Percentage of population in the labour force,T,Total,CY,Cyprus,2021,,7.2,,,,,
dataflow,ESTAT:TPS00203(1.0),Total unemployment rate,A,Annual,Y15-74,From 15 to 74 years,PC_ACT,Percentage of population in the labour force,T,Total,CY,Cyprus,2022,,6.3,,,,,
dataflow,ESTAT:TPS00203(1.0),Total unemployment rate,A,Annual,Y15-74,From 15 to 74 years,PC_ACT,Percentage of population in the labour force,T,Total,CY,Cyprus,2023,,5.8,,,,,
dataflow,ESTAT:TPS00203(1.0),Total unemployment rate,A,Annual,Y15-74,From 15 to 74 years,PC_ACT,Percentage of population in the labour force,T,Total,CY,Cyprus,2024,,4.9,,,,,
dataflow,ESTAT:TPS00203(1.0),Total unemployment rate,A,Annual,Y15-74,From 15 to 74 years,PC_ACT,Percentage of population in the labour force,T,Total,CZ,Czechia,2013,,7.0,,,,,
dataflow,ESTAT:TPS00203(1.0),Total unemployment rate,A,Annual,Y15-74,From 15 to 74 years,PC_ACT,Percentage of population in the labour force,T,Total,CZ,Czechia,2014,,6.1,,,,,
dataflow,ESTAT:TPS00203(1.0),Total unemployment rate,A,Annual,Y15-74,From 15 to 74 years,PC_ACT,Percentage of population in the labour force,T,Total,CZ,Czechia,2015,,5.1,,,,,
dataflow,ESTAT:TPS00203(1.0),Total unemployment rate,A,Annual,Y15-74,From 15 to 74 years,PC_ACT,Percentage of population in the labour force,T,Total,CZ,Czechia,2016,,4.0,,,,,
dataflow,ESTAT:TPS00203(1.0),Total unemployment rate,A,Annual,Y15-74,From 15 to 74 years,PC_ACT,Percentage of population in the labour force,T,Total,CZ,Czechia,2017,,2.9,,,,,
dataflow,ESTAT:TPS00203(1.0),Total unemployment rate,A,Annual,Y15-74,From 15 to 74 years,PC_ACT,Percentage of population in the labour force,T,Total,CZ,Czechia,2018,,2.2,,,,,
dataflow,ESTAT:TPS00203(1.0),Total unemployment rate,A,Annual,Y15-74,From 15 to 74 years,PC_ACT,Percentage of population in the labour force,T,Total,CZ,Czechia,2019,,2.0,,,,,
dataflow,ESTAT:TPS00203(1.0),Total unemployment rate,A,Annual,Y15-74,From 15 to 74 years,PC_ACT,Percentage of population in the labour force,T,Total,CZ,Czechia,2020,,2.6,,,,,
dataflow,ESTAT:TPS00203(1.0),Total unemployment rate,A,Annual,Y15-74,From 15 to 74 years,PC_ACT,Percentage of population in the labour force,T,Total,CZ,Czechia,2021,,2.8,,,,,
dataflow,ESTAT:TPS00203(1.0),Total unemployment rate,A,Annual,Y15-74,From 15 to 74 years,PC_ACT,Percentage of population in the labour force,T,Total,CZ,Czechia,2022,,2.2,,,,,
dataflow,ESTAT:TPS00203(1.0),Total unemployment rate,A,Annual,Y15-74,From 15 to 74 years,PC_ACT,Percentage of population in the labour force,T,Total,CZ,Czechia,2023,,2.6,,,,,
dataflow,ESTAT:TPS00203(1.0),Total unemployment rate,A,Annual,Y15-74,From 15 to 74 years,PC_ACT,Percentage of population in the labour force,T,Total,CZ,Czechia,2024,,2.6,,,,,
dataflow,ESTAT:TPS00203(1.0),Total unemployment rate,A,Annual,Y15-74,From 15 to 74 years,PC_ACT,Percentage of population in the labour force,T,Total,DE,Germany,2013,,4.9,,,,,
dataflow,ESTAT:TPS00203(1.0),Total unemployment rate,A,Annual,Y15-74,From 15 to 74 years,PC_ACT,Percentage of population in the labour force,T,Total,DE,Germany,2014,,4.7,,,,,
dataflow,ESTAT:TPS00203(1.0),Total unemployment rate,A,Annual,Y15-74,From 15 to 74 years,PC_ACT,Percentage of population in the labour force,T,Total,DE,Germany,2015,,4.4,,,,,
dataflow,ESTAT:TPS00203(1.0),Total unemployment rate,A,Annual,Y15-74,From 15 to 74 years,PC_ACT,Percentage of population in the labour force,T,Total,DE,Germany,2016,,3.9,,,,,
dataflow,ESTAT:TPS00203(1.0),Total unemployment rate,A,Annual,Y15-74,From 15 to 74 years,PC_ACT,Percentage of population in the labour force,T,Total,DE,Germany,2017,,3.5,,,,,
dataflow,ESTAT:TPS00203(1.0),Total unemployment rate,A,Annual,Y15-74,From 15 to 74 years,PC_ACT,Percentage of population in the labour force,T,Total,DE,Germany,2018,,3.2,,,,,
dataflow,ESTAT:TPS00203(1.0),Total unemployment rate,A,Annual,Y15-74,From 15 to 74 years,PC_ACT,Percentage of population in the labour force,T,Total,DE,Germany,2019,,2.9,,,,,
dataflow,ESTAT:TPS00203(1.0),Total unemployment rate,A,Annual,Y15-74,From 15 to 74 years,PC_ACT,Percentage of population in the labour force,T,Total,DE,Germany,2020,,3.6,,b,break in time series,,
dataflow,ESTAT:TPS00203(1.0),Total unemployment rate,A,Annual,Y15-74,From 15 to 74 years,PC_ACT,Percentage of population in the labour force,T,Total,DE,Germany,2021,,3.6,,,,,
dataflow,ESTAT:TPS00203(1.0),Total unemployment rate,A,Annual,Y15-74,From 15 to 74 years,PC_ACT,Percentage of population in the labour force,T,Total,DE,Germany,2022,,3.1,,,,,
dataflow,ESTAT:TPS00203(1.0),Total unemployment rate,A,Annual,Y15-74,From 15 to 74 years,PC_ACT,Percentage of population in the labour force,T,Total,DE,Germany,2023,,3.1,,,,,
dataflow,ESTAT:TPS00203(1.0),Total unemployment rate,A,Annual,Y15-74,From 15 to 74 years,PC_ACT,Percentage of population in the labour force,T,Total,DE,Germany,2024,,3.4,,,,,
dataflow,ESTAT:TPS00203(1.0),Total unemployment rate,A,Annual,Y15-74,From 15 to 74 years,PC_ACT,Percentage of population in the labour force,T,Total,DK,Denmark,2013,,7.4,,,,,
dataflow,ESTAT:TPS00203(1.0),Total unemployment rate,A,Annual,Y15-74,From 15 to 74 years,PC_ACT,Percentage of population in the labour force,T,Total,DK,Denmark,2014,,6.9,,,,,
dataflow,ESTAT:TPS00203(1.0),Total unemployment rate,A,Annual,Y15-74,From 15 to 74 years,PC_ACT,Percentage of population in the labour force,T,Total,DK,Denmark,2015,,6.3,,,,,
dataflow,ESTAT:TPS00203(1.0),Total unemployment rate,A,Annual,Y15-74,From 15 to 74 years,PC_ACT,Percentage of population in the labour force,T,Total,DK,Denmark,2016,,6.0,,b,break in time series,,
dataflow,ESTAT:TPS00203(1.0),Total unemployment rate,A,Annual,Y15-74,From 15 to 74 years,PC_ACT,Percentage of population in the labour force,T,Total,DK,Denmark,2017,,5.8,,b,break in time series,,
dataflow,ESTAT:TPS00203(1.0),Total unemployment rate,A,Annual,Y15-74,From 15 to 74 years,PC_ACT,Percentage of population in the labour force,T,Total,DK,Denmark,2018,,5.1,,,,,
dataflow,ESTAT:TPS00203(1.0),Total unemployment rate,A,Annual,Y15-74,From 15 to 74 years,PC_ACT,Percentage of population in the labour force,T,Total,DK,Denmark,2019,,5.0,,,,,
dataflow,ESTAT:TPS00203(1.0),Total unemployment rate,A,Annual,Y15-74,From 15 to 74 years,PC_ACT,Percentage of population in the labour force,T,Total,DK,Denmark,2020,,5.6,,,,,
dataflow,ESTAT:TPS00203(1.0),Total unemployment rate,A,Annual,Y15-74,From 15 to 74 years,PC_ACT,Percentage of population in the labour force,T,Total,DK,Denmark,2021,,5.1,,,,,
dataflow,ESTAT:TPS00203(1.0),Total unemployment rate,A,Annual,Y15-74,From 15 to 74 years,PC_ACT,Percentage of population in the labour force,T,Total,DK,Denmark,2022,,4.5,,,,,
dataflow,ESTAT:TPS00203(1.0),Total unemployment rate,A,Annual,Y15-74,From 15 to 74 years,PC_ACT,Percentage of population in the labour force,T,Total,DK,Denmark,2023,,5.1,,b,break in time series,,
dataflow,ESTAT:TPS00203(1.0),Total unemployment rate,A,Annual,Y15-74,From 15 to 74 years,PC_ACT,Percentage of population in the labour force,T,Total,DK,Denmark,2024,,6.2,,,,,
dataflow,ESTAT:TPS00203(1.0),Total unemployment rate,A,Annual,Y15-74,From 15 to 74 years,PC_ACT,Percentage of population in the labour force,T,Total,EA20,Euro area – 20 countries (from 2023),2013,,12.2,,,,,
dataflow,ESTAT:TPS00203(1.0),Total unemployment rate,A,Annual,Y15-74,From 15 to 74 years,PC_ACT,Percentage of population in the labour force,T,Total,EA20,Euro area – 20 countries (from 2023),2014,,11.7,,,,,
dataflow,ESTAT:TPS00203(1.0),Total unemployment rate,A,Annual,Y15-74,From 15 to 74 years,PC_ACT,Percentage of population in the labour force,T,Total,EA20,Euro area – 20 countries (from 2023),2015,,11.0,,,,,
dataflow,ESTAT:TPS00203(1.0),Total unemployment rate,A,Annual,Y15-74,From 15 to 74 years,PC_ACT,Percentage of population in the labour force,T,Total,EA20,Euro area – 20 countries (from 2023),2016,,10.1,,,,,
dataflow,ESTAT:TPS00203(1.0),Total unemployment rate,A,Annual,Y15-74,From 15 to 74 years,PC_ACT,Percentage of population in the labour force,T,Total,EA20,Euro area – 20 countries (from 2023),2017,,9.1,,,,,
dataflow,ESTAT:TPS00203(1.0),Total unemployment rate,A,Annual,Y15-74,From 15 to 74 years,PC_ACT,Percentage of population in the labour force,T,Total,EA20,Euro area – 20 countries (from 2023),2018,,8.2,,,,,
dataflow,ESTAT:TPS00203(1.0),Total unemployment rate,A,Annual,Y15-74,From 15 to 74 years,PC_ACT,Percentage of population in the labour force,T,Total,EA20,Euro area – 20 countries (from 2023),2019,,7.6,,,,,
dataflow,ESTAT:TPS00203(1.0),Total unemployment rate,A,Annual,Y15-74,From 15 to 74 years,PC_ACT,Percentage of population in the labour force,T,Total,EA20,Euro area – 20 countries (from 2023),2020,,8.0,,,,,
dataflow,ESTAT:TPS00203(1.0),Total unemployment rate,A,Annual,Y15-74,From 15 to 74 years,PC_ACT,Percentage of population in the labour force,T,Total,EA20,Euro area – 20 countries (from 2023),2021,,7.8,,,,,
dataflow,ESTAT:TPS00203(1.0),Total unemployment rate,A,Annual,Y15-74,From 15 to 74 years,PC_ACT,Percentage of population in the labour force,T,Total,EA20,Euro area – 20 countries (from 2023),2022,,6.8,,,,,
dataflow,ESTAT:TPS00203(1.0),Total unemployment rate,A,Annual,Y15-74,From 15 to 74 years,PC_ACT,Percentage of population in the labour force,T,Total,EA20,Euro area – 20 countries (from 2023),2023,,6.6,,,,,
dataflow,ESTAT:TPS00203(1.0),Total unemployment rate,A,Annual,Y15-74,From 15 to 74 years,PC_ACT,Percentage of population in the labour force,T,Total,EA20,Euro area – 20 countries (from 2023),2024,,6.4,,,,,
dataflow,ESTAT:TPS00203(1.0),Total unemployment rate,A,Annual,Y15-74,From 15 to 74 years,PC_ACT,Percentage of population in the labour force,T,Total,EE,Estonia,2013,,8.6,,,,,
dataflow,ESTAT:TPS00203(1.0),Total unemployment rate,A,Annual,Y15-74,From 15 to 74 years,PC_ACT,Percentage of population in the labour force,T,Total,EE,Estonia,2014,,7.3,,,,,
dataflow,ESTAT:TPS00203(1.0),Total unemployment rate,A,Annual,Y15-74,From 15 to 74 years,PC_ACT,Percentage of population in the labour force,T,Total,EE,Estonia,2015,,6.4,,,,,
dataflow,ESTAT:TPS00203(1.0),Total unemployment rate,A,Annual,Y15-74,From 15 to 74 years,PC_ACT,Percentage of population in the labour force,T,Total,EE,Estonia,2016,,6.8,,,,,
dataflow,ESTAT:TPS00203(1.0),Total unemployment rate,A,Annual,Y15-74,From 15 to 74 years,PC_ACT,Percentage of population in the labour force,T,Total,EE,Estonia,2017,,5.8,,,,,
dataflow,ESTAT:TPS00203(1.0),Total unemployment rate,A,Annual,Y15-74,From 15 to 74 years,PC_ACT,Percentage of population in the labour force,T,Total,EE,Estonia,2018,,5.4,,,,,
dataflow,ESTAT:TPS00203(1.0),Total unemployment rate,A,Annual,Y15-74,From 15 to 74 years,PC_ACT,Percentage of population in the labour force,T,Total,EE,Estonia,2019,,4.5,,,,,
dataflow,ESTAT:TPS00203(1.0),Total unemployment rate,A,Annual,Y15-74,From 15 to 74 years,PC_ACT,Percentage of population in the labour force,T,Total,EE,Estonia,2020,,6.9,,,,,
dataflow,ESTAT:TPS00203(1.0),Total unemployment rate,A,Annual,Y15-74,From 15 to 74 years,PC_ACT,Percentage of population in the labour force,T,Total,EE,Estonia,2021,,6.2,,,,,
dataflow,ESTAT:TPS00203(1.0),Total unemployment rate,A,Annual,Y15-74,From 15 to 74 years,PC_ACT,Percentage of population in the labour force,T,Total,EE,Estonia,2022,,5.6,,,,,
dataflow,ESTAT:TPS00203(1.0),Total unemployment rate,A,Annual,Y15-74,From 15 to 74 years,PC_ACT,Percentage of population in the labour force,T,Total,EE,Estonia,2023,,6.4,,,,,
dataflow,ESTAT:TPS00203(1.0),Total unemployment rate,A,Annual,Y15-74,From 15 to 74 years,PC_ACT,Percentage of population in the labour force,T,Total,EE,Estonia,2024,,7.6,,,,,
dataflow,ESTAT:TPS00203(1.0),Total unemployment rate,A,Annual,Y15-74,From 15 to 74 years,PC_ACT,Percentage of population in the labour force,T,Total,EL,Greece,2013,,27.8,,,,,
dataflow,ESTAT:TPS00203(1.0),Total unemployment rate,A,Annual,Y15-74,From 15 to 74 years,PC_ACT,Percentage of population in the labour force,T,Total,EL,Greece,2014,,26.6,,,,,
dataflow,ESTAT:TPS00203(1.0),Total unemployment rate,A,Annual,Y15-74,From 15 to 74 years,PC_ACT,Percentage of population in the labour force,T,Total,EL,Greece,2015,,25.0,,,,,
dataflow,ESTAT:TPS00203(1.0),Total unemployment rate,A,Annual,Y15-74,From 15 to 74 years,PC_ACT,Percentage of population in the labour force,T,Total,EL,Greece,2016,,23.9,,,,,
dataflow,ESTAT:TPS00203(1.0),Total unemployment rate,A,Annual,Y15-74,From 15 to 74 years,PC_ACT,Percentage of population in the labour force,T,Total,EL,Greece,2017,,21.8,,,,,
dataflow,ESTAT:TPS00203(1.0),Total unemployment rate,A,Annual,Y15-74,From 15 to 74 years,PC_ACT,Percentage of population in the labour force,T,Total,EL,Greece,2018,,19.7,,,,,
dataflow,ESTAT:TPS00203(1.0),Total unemployment rate,A,Annual,Y15-74,From 15 to 74 years,PC_ACT,Percentage of population in the labour force,T,Total,EL,Greece,2019,,17.9,,,,,
dataflow,ESTAT:TPS00203(1.0),Total unemployment rate,A,Annual,Y15-74,From 15 to 74 years,PC_ACT,Percentage of population in the labour force,T,Total,EL,Greece,2020,,17.6,,,,,
dataflow,ESTAT:TPS00203(1.0),Total unemployment rate,A,Annual,Y15-74,From 15 to 74 years,PC_ACT,Percentage of population in the labour force,T,Total,EL,Greece,2021,,14.7,,,,,
dataflow,ESTAT:TPS00203(1.0),Total unemployment rate,A,Annual,Y15-74,From 15 to 74 years,PC_ACT,Percentage of population in the labour force,T,Total,EL,Greece,2022,,12.5,,,,,
dataflow,ESTAT:TPS00203(1.0),Total unemployment rate,A,Annual,Y15-74,From 15 to 74 years,PC_ACT,Percentage of population in the labour force,T,Total,EL,Greece,2023,,11.1,,,,,
dataflow,ESTAT:TPS00203(1.0),Total unemployment rate,A,Annual,Y15-74,From 15 to 74 years,PC_ACT,Percentage of population in the labour force,T,Total,EL,Greece,2024,,10.1,,,,,
dataflow,ESTAT:TPS00203(1.0),Total unemployment rate,A,Annual,Y15-74,From 15 to 74 years,PC_ACT,Percentage of population in the labour force,T,Total,ES,Spain,2013,,26.1,,,,,
dataflow,ESTAT:TPS00203(1.0),Total unemployment rate,A,Annual,Y15-74,From 15 to 74 years,PC_ACT,Percentage of population in the labour force,T,Total,ES,Spain,2014,,24.5,,,,,
dataflow,ESTAT:TPS00203(1.0),Total unemployment rate,A,Annual,Y15-74,From 15 to 74 years,PC_ACT,Percentage of population in the labour force,T,Total,ES,Spain,2015,,22.1,,,,,
dataflow,ESTAT:TPS00203(1.0),Total unemployment rate,A,Annual,Y15-74,From 15 to 74 years,PC_ACT,Percentage of population in the labour force,T,Total,ES,Spain,2016,,19.6,,,,,
dataflow,ESTAT:TPS00203(1.0),Total unemployment rate,A,Annual,Y15-74,From 15 to 74 years,PC_ACT,Percentage of population in the labour force,T,Total,ES,Spain,2017,,17.2,,,,,
dataflow,ESTAT:TPS00203(1.0),Total unemployment rate,A,Annual,Y15-74,From 15 to 74 years,PC_ACT,Percentage of population in the labour force,T,Total,ES,Spain,2018,,15.3,,,,,
dataflow,ESTAT:TPS00203(1.0),Total unemployment rate,A,Annual,Y15-74,From 15 to 74 years,PC_ACT,Percentage of population in the labour force,T,Total,ES,Spain,2019,,14.1,,,,,
dataflow,ESTAT:TPS00203(1.0),Total unemployment rate,A,Annual,Y15-74,From 15 to 74 years,PC_ACT,Percentage of population in the labour force,T,Total,ES,Spain,2020,,15.5,,,,,
dataflow,ESTAT:TPS00203(1.0),Total unemployment rate,A,Annual,Y15-74,From 15 to 74 years,PC_ACT,Percentage of population in the labour force,T,Total,ES,Spain,2021,,14.9,,d,definition differs (see metadata),,
dataflow,ESTAT:TPS00203(1.0),Total unemployment rate,A,Annual,Y15-74,From 15 to 74 years,PC_ACT,Percentage of population in the labour force,T,Total,ES,Spain,2022,,13.0,,d,definition differs (see metadata),,
dataflow,ESTAT:TPS00203(1.0),Total unemployment rate,A,Annual,Y15-74,From 15 to 74 years,PC_ACT,Percentage of population in the labour force,T,Total,ES,Spain,2023,,12.2,,d,definition differs (see metadata),,
dataflow,ESTAT:TPS00203(1.0),Total unemployment rate,A,Annual,Y15-74,From 15 to 74 years,PC_ACT,Percentage of population in the labour force,T,Total,ES,Spain,2024,,11.4,,d,definition differs (see metadata),,
dataflow,ESTAT:TPS00203(1.0),Total unemployment rate,A,Annual,Y15-74,From 15 to 74 years,PC_ACT,Percentage of population in the labour force,T,Total,EU27_2020,European Union - 27 countries (from 2020),2013,,11.6,,,,,
dataflow,ESTAT:TPS00203(1.0),Total unemployment rate,A,Annual,Y15-74,From 15 to 74 years,PC_ACT,Percentage of population in the labour force,T,Total,EU27_2020,European Union - 27 countries (from 2020),2014,,11.0,,,,,
dataflow,ESTAT:TPS00203(1.0),Total unemployment rate,A,Annual,Y15-74,From 15 to 74 years,PC_ACT,Percentage of population in the labour force,T,Total,EU27_2020,European Union - 27 countries (from 2020),2015,,10.2,,,,,
dataflow,ESTAT:TPS00203(1.0),Total unemployment rate,A,Annual,Y15-74,From 15 to 74 years,PC_ACT,Percentage of population in the labour force,T,Total,EU27_2020,European Union - 27 countries (from 2020),2016,,9.3,,,,,
dataflow,ESTAT:TPS00203(1.0),Total unemployment rate,A,Annual,Y15-74,From 15 to 74 years,PC_ACT,Percentage of population in the labour force,T,Total,EU27_2020,European Union - 27 countries (from 2020),2017,,8.3,,,,,
dataflow,ESTAT:TPS00203(1.0),Total unemployment rate,A,Annual,Y15-74,From 15 to 74 years,PC_ACT,Percentage of population in the labour force,T,Total,EU27_2020,European Union - 27 countries (from 2020),2018,,7.4,,,,,
dataflow,ESTAT:TPS00203(1.0),Total unemployment rate,A,Annual,Y15-74,From 15 to 74 years,PC_ACT,Percentage of population in the labour force,T,Total,EU27_2020,European Union - 27 countries (from 2020),2019,,6.8,,,,,
dataflow,ESTAT:TPS00203(1.0),Total unemployment rate,A,Annual,Y15-74,From 15 to 74 years,PC_ACT,Percentage of population in the labour force,T,Total,EU27_2020,European Union - 27 countries (from 2020),2020,,7.2,,,,,
dataflow,ESTAT:TPS00203(1.0),Total unemployment rate,A,Annual,Y15-74,From 15 to 74 years,PC_ACT,Percentage of population in the labour force,T,Total,EU27_2020,European Union - 27 countries (from 2020),2021,,7.1,,,,,
dataflow,ESTAT:TPS00203(1.0),Total unemployment rate,A,Annual,Y15-74,From 15 to 74 years,PC_ACT,Percentage of population in the labour force,T,Total,EU27_2020,European Union - 27 countries (from 2020),2022,,6.2,,,,,
dataflow,ESTAT:TPS00203(1.0),Total unemployment rate,A,Annual,Y15-74,From 15 to 74 years,PC_ACT,Percentage of population in the labour force,T,Total,EU27_2020,European Union - 27 countries (from 2020),2023,,6.1,,,,,
dataflow,ESTAT:TPS00203(1.0),Total unemployment rate,A,Annual,Y15-74,From 15 to 74 years,PC_ACT,Percentage of population in the labour force,T,Total,EU27_2020,European Union - 27 countries (from 2020),2024,,5.9,,,,,
dataflow,ESTAT:TPS00203(1.0),Total unemployment rate,A,Annual,Y15-74,From 15 to 74 years,PC_ACT,Percentage of population in the labour force,T,Total,FI,Finland,2013,,8.3,,,,,
dataflow,ESTAT:TPS00203(1.0),Total unemployment rate,A,Annual,Y15-74,From 15 to 74 years,PC_ACT,Percentage of population in the labour force,T,Total,FI,Finland,2014,,8.7,,,,,
dataflow,ESTAT:TPS00203(1.0),Total unemployment rate,A,Annual,Y15-74,From 15 to 74 years,PC_ACT,Percentage of population in the labour force,T,Total,FI,Finland,2015,,9.4,,,,,
dataflow,ESTAT:TPS00203(1.0),Total unemployment rate,A,Annual,Y15-74,From 15 to 74 years,PC_ACT,Percentage of population in the labour force,T,Total,FI,Finland,2016,,8.9,,,,,
dataflow,ESTAT:TPS00203(1.0),Total unemployment rate,A,Annual,Y15-74,From 15 to 74 years,PC_ACT,Percentage of population in the labour force,T,Total,FI,Finland,2017,,8.7,,,,,
dataflow,ESTAT:TPS00203(1.0),Total unemployment rate,A,Annual,Y15-74,From 15 to 74 years,PC_ACT,Percentage of population in the labour force,T,Total,FI,Finland,2018,,7.5,,,,,
dataflow,ESTAT:TPS00203(1.0),Total unemployment rate,A,Annual,Y15-74,From 15 to 74 years,PC_ACT,Percentage of population in the labour force,T,Total,FI,Finland,2019,,6.8,,,,,
dataflow,ESTAT:TPS00203(1.0),Total unemployment rate,A,Annual,Y15-74,From 15 to 74 years,PC_ACT,Percentage of population in the labour force,T,Total,FI,Finland,2020,,7.7,,,,,
dataflow,ESTAT:TPS00203(1.0),Total unemployment rate,A,Annual,Y15-74,From 15 to 74 years,PC_ACT,Percentage of population in the labour force,T,Total,FI,Finland,2021,,7.7,,,,,
dataflow,ESTAT:TPS00203(1.0),Total unemployment rate,A,Annual,Y15-74,From 15 to 74 years,PC_ACT,Percentage of population in the labour force,T,Total,FI,Finland,2022,,6.8,,,,,
dataflow,ESTAT:TPS00203(1.0),Total unemployment rate,A,Annual,Y15-74,From 15 to 74 years,PC_ACT,Percentage of population in the labour force,T,Total,FI,Finland,2023,,7.2,,,,,
dataflow,ESTAT:TPS00203(1.0),Total unemployment rate,A,Annual,Y15-74,From 15 to 74 years,PC_ACT,Percentage of population in the labour force,T,Total,FI,Finland,2024,,8.4,,,,,
dataflow,ESTAT:TPS00203(1.0),Total unemployment rate,A,Annual,Y15-74,From 15 to 74 years,PC_ACT,Percentage of population in the labour force,T,Total,FR,France,2013,,10.3,,,,,
dataflow,ESTAT:TPS00203(1.0),Total unemployment rate,A,Annual,Y15-74,From 15 to 74 years,PC_ACT,Percentage of population in the labour force,T,Total,FR,France,2014,,10.3,,,,,
dataflow,ESTAT:TPS00203(1.0),Total unemployment rate,A,Annual,Y15-74,From 15 to 74 years,PC_ACT,Percentage of population in the labour force,T,Total,FR,France,2015,,10.3,,,,,
dataflow,ESTAT:TPS00203(1.0),Total unemployment rate,A,Annual,Y15-74,From 15 to 74 years,PC_ACT,Percentage of population in the labour force,T,Total,FR,France,2016,,10.1,,,,,
dataflow,ESTAT:TPS00203(1.0),Total unemployment rate,A,Annual,Y15-74,From 15 to 74 years,PC_ACT,Percentage of population in the labour force,T,Total,FR,France,2017,,9.4,,,,,
dataflow,ESTAT:TPS00203(1.0),Total unemployment rate,A,Annual,Y15-74,From 15 to 74 years,PC_ACT,Percentage of population in the labour force,T,Total,FR,France,2018,,9.0,,,,,
dataflow,ESTAT:TPS00203(1.0),Total unemployment rate,A,Annual,Y15-74,From 15 to 74 years,PC_ACT,Percentage of population in the labour force,T,Total,FR,France,2019,,8.4,,,,,
dataflow,ESTAT:TPS00203(1.0),Total unemployment rate,A,Annual,Y15-74,From 15 to 74 years,PC_ACT,Percentage of population in the labour force,T,Total,FR,France,2020,,8.0,,,,,
dataflow,ESTAT:TPS00203(1.0),Total unemployment rate,A,Annual,Y15-74,From 15 to 74 years,PC_ACT,Percentage of population in the labour force,T,Total,FR,France,2021,,7.9,,d,definition differs (see metadata),,
dataflow,ESTAT:TPS00203(1.0),Total unemployment rate,A,Annual,Y15-74,From 15 to 74 years,PC_ACT,Percentage of population in the labour force,T,Total,FR,France,2022,,7.3,,d,definition differs (see metadata),,
dataflow,ESTAT:TPS00203(1.0),Total unemployment rate,A,Annual,Y15-74,From 15 to 74 years,PC_ACT,Percentage of population in the labour force,T,Total,FR,France,2023,,7.3,,d,definition differs (see metadata),,
dataflow,ESTAT:TPS00203(1.0),Total unemployment rate,A,Annual,Y15-74,From 15 to 74 years,PC_ACT,Percentage of population in the labour force,T,Total,FR,France,2024,,7.4,,d,definition differs (see metadata),,
dataflow,ESTAT:TPS00203(1.0),Total unemployment rate,A,Annual,Y15-74,From 15 to 74 years,PC_ACT,Percentage of population in the labour force,T,Total,HR,Croatia,2013,,17.3,,,,,
dataflow,ESTAT:TPS00203(1.0),Total unemployment rate,A,Annual,Y15-74,From 15 to 74 years,PC_ACT,Percentage of population in the labour force,T,Total,HR,Croatia,2014,,17.3,,,,,
dataflow,ESTAT:TPS00203(1.0),Total unemployment rate,A,Annual,Y15-74,From 15 to 74 years,PC_ACT,Percentage of population in the labour force,T,Total,HR,Croatia,2015,,16.2,,,,,
dataflow,ESTAT:TPS00203(1.0),Total unemployment rate,A,Annual,Y15-74,From 15 to 74 years,PC_ACT,Percentage of population in the labour force,T,Total,HR,Croatia,2016,,13.0,,,,,
dataflow,ESTAT:TPS00203(1.0),Total unemployment rate,A,Annual,Y15-74,From 15 to 74 years,PC_ACT,Percentage of population in the labour force,T,Total,HR,Croatia,2017,,11.1,,,,,
dataflow,ESTAT:TPS00203(1.0),Total unemployment rate,A,Annual,Y15-74,From 15 to 74 years,PC_ACT,Percentage of population in the labour force,T,Total,HR,Croatia,2018,,8.3,,,,,
dataflow,ESTAT:TPS00203(1.0),Total unemployment rate,A,Annual,Y15-74,From 15 to 74 years,PC_ACT,Percentage of population in the labour force,T,Total,HR,Croatia,2019,,6.6,,,,,
dataflow,ESTAT:TPS00203(1.0),Total unemployment rate,A,Annual,Y15-74,From 15 to 74 years,PC_ACT,Percentage of population in the labour force,T,Total,HR,Croatia,2020,,7.4,,,,,
dataflow,ESTAT:TPS00203(1.0),Total unemployment rate,A,Annual,Y15-74,From 15 to 74 years,PC_ACT,Percentage of population in the labour force,T,Total,HR,Croatia,2021,,7.5,,,,,
dataflow,ESTAT:TPS00203(1.0),Total unemployment rate,A,Annual,Y15-74,From 15 to 74 years,PC_ACT,Percentage of population in the labour force,T,Total,HR,Croatia,2022,,6.8,,,,,
dataflow,ESTAT:TPS00203(1.0),Total unemployment rate,A,Annual,Y15-74,From 15 to 74 years,PC_ACT,Percentage of population in the labour force,T,Total,HR,Croatia,2023,,6.1,,,,,
dataflow,ESTAT:TPS00203(1.0),Total unemployment rate,A,Annual,Y15-74,From 15 to 74 years,PC_ACT,Percentage of population in the labour force,T,Total,HR,Croatia,2024,,5.0,,,,,
dataflow,ESTAT:TPS00203(1.0),Total unemployment rate,A,Annual,Y15-74,From 15 to 74 years,PC_ACT,Percentage of population in the labour force,T,Total,HU,Hungary,2013,,9.8,,,,,
dataflow,ESTAT:TPS00203(1.0),Total unemployment rate,A,Annual,Y15-74,From 15 to 74 years,PC_ACT,Percentage of population in the labour force,T,Total,HU,Hungary,2014,,7.5,,,,,
dataflow,ESTAT:TPS00203(1.0),Total unemployment rate,A,Annual,Y15-74,From 15 to 74 years,PC_ACT,Percentage of population in the labour force,T,Total,HU,Hungary,2015,,6.6,,,,,
dataflow,ESTAT:TPS00203(1.0),Total unemployment rate,A,Annual,Y15-74,From 15 to 74 years,PC_ACT,Percentage of population in the labour force,T,Total,HU,Hungary,2016,,5.0,,,,,
dataflow,ESTAT:TPS00203(1.0),Total unemployment rate,A,Annual,Y15-74,From 15 to 74 years,PC_ACT,Percentage of population in the labour force,T,Total,HU,Hungary,2017,,4.0,,,,,
dataflow,ESTAT:TPS00203(1.0),Total unemployment rate,A,Annual,Y15-74,From 15 to 74 years,PC_ACT,Percentage of population in the labour force,T,Total,HU,Hungary,2018,,3.6,,b,break in time series,,
dataflow,ESTAT:TPS00203(1.0),Total unemployment rate,A,Annual,Y15-74,From 15 to 74 years,PC_ACT,Percentage of population in the labour force,T,Total,HU,Hungary,2019,,3.3,,,,,
dataflow,ESTAT:TPS00203(1.0),Total unemployment rate,A,Annual,Y15-74,From 15 to 74 years,PC_ACT,Percentage of population in the labour force,T,Total,HU,Hungary,2020,,4.1,,,,,
dataflow,ESTAT:TPS00203(1.0),Total unemployment rate,A,Annual,Y15-74,From 15 to 74 years,PC_ACT,Percentage of population in the labour force,T,Total,HU,Hungary,2021,,4.0,,,,,
dataflow,ESTAT:TPS00203(1.0),Total unemployment rate,A,Annual,Y15-74,From 15 to 74 years,PC_ACT,Percentage of population in the labour force,T,Total,HU,Hungary,2022,,3.6,,,,,
dataflow,ESTAT:TPS00203(1.0),Total unemployment rate,A,Annual,Y15-74,From 15 to 74 years,PC_ACT,Percentage of population in the labour force,T,Total,HU,Hungary,2023,,4.1,,,,,
dataflow,ESTAT:TPS00203(1.0),Total unemployment rate,A,Annual,Y15-74,From 15 to 74 years,PC_ACT,Percentage of population in the labour force,T,Total,HU,Hungary,2024,,4.5,,,,,
dataflow,ESTAT:TPS00203(1.0),Total unemployment rate,A,Annual,Y15-74,From 15 to 74 years,PC_ACT,Percentage of population in the labour force,T,Total,IE,Ireland,2013,,13.8,,,,,
dataflow,ESTAT:TPS00203(1.0),Total unemployment rate,A,Annual,Y15-74,From 15 to 74 years,PC_ACT,Percentage of population in the labour force,T,Total,IE,Ireland,2014,,11.9,,,,,
dataflow,ESTAT:TPS00203(1.0),Total unemployment rate,A,Annual,Y15-74,From 15 to 74 years,PC_ACT,Percentage of population in the labour force,T,Total,IE,Ireland,2015,,9.9,,,,,
dataflow,ESTAT:TPS00203(1.0),Total unemployment rate,A,Annual,Y15-74,From 15 to 74 years,PC_ACT,Percentage of population in the labour force,T,Total,IE,Ireland,2016,,8.4,,,,,
dataflow,ESTAT:TPS00203(1.0),Total unemployment rate,A,Annual,Y15-74,From 15 to 74 years,PC_ACT,Percentage of population in the labour force,T,Total,IE,Ireland,2017,,6.7,,,,,
dataflow,ESTAT:TPS00203(1.0),Total unemployment rate,A,Annual,Y15-74,From 15 to 74 years,PC_ACT,Percentage of population in the labour force,T,Total,IE,Ireland,2018,,5.8,,,,,
dataflow,ESTAT:TPS00203(1.0),Total unemployment rate,A,Annual,Y15-74,From 15 to 74 years,PC_ACT,Percentage of population in the labour force,T,Total,IE,Ireland,2019,,5.0,,,,,
dataflow,ESTAT:TPS00203(1.0),Total unemployment rate,A,Annual,Y15-74,From 15 to 74 years,PC_ACT,Percentage of population in the labour force,T,Total,IE,Ireland,2020,,5.9,,,,,
dataflow,ESTAT:TPS00203(1.0),Total unemployment rate,A,Annual,Y15-74,From 15 to 74 years,PC_ACT,Percentage of population in the labour force,T,Total,IE,Ireland,2021,,6.2,,b,break in time series,,
dataflow,ESTAT:TPS00203(1.0),Total unemployment rate,A,Annual,Y15-74,From 15 to 74 years,PC_ACT,Percentage of population in the labour force,T,Total,IE,Ireland,2022,,4.5,,,,,
dataflow,ESTAT:TPS00203(1.0),Total unemployment rate,A,Annual,Y15-74,From 15 to 74 years,PC_ACT,Percentage of population in the labour force,T,Total,IE,Ireland,2023,,4.3,,,,,
dataflow,ESTAT:TPS00203(1.0),Total unemployment rate,A,Annual,Y15-74,From 15 to 74 years,PC_ACT,Percentage of population in the labour force,T,Total,IE,Ireland,2024,,4.3,,,,,
dataflow,ESTAT:TPS00203(1.0),Total unemployment rate,A,Annual,Y15-74,From 15 to 74 years,PC_ACT,Percentage of population in the labour force,T,Total,IS,Iceland,2013,,5.4,,,,,
dataflow,ESTAT:TPS00203(1.0),Total unemployment rate,A,Annual,Y15-74,From 15 to 74 years,PC_ACT,Percentage of population in the labour force,T,Total,IS,Iceland,2014,,4.9,,,,,
dataflow,ESTAT:TPS00203(1.0),Total unemployment rate,A,Annual,Y15-74,From 15 to 74 years,PC_ACT,Percentage of population in the labour force,T,Total,IS,Iceland,2015,,4.0,,,,,
dataflow,ESTAT:TPS00203(1.0),Total unemployment rate,A,Annual,Y15-74,From 15 to 74 years,PC_ACT,Percentage of population in the labour force,T,Total,IS,Iceland,2016,,3.0,,,,,
dataflow,ESTAT:TPS00203(1.0),Total unemployment rate,A,Annual,Y15-74,From 15 to 74 years,PC_ACT,Percentage of population in the labour force,T,Total,IS,Iceland,2017,,2.7,,,,,
dataflow,ESTAT:TPS00203(1.0),Total unemployment rate,A,Annual,Y15-74,From 15 to 74 years,PC_ACT,Percentage of population in the labour force,T,Total,IS,Iceland,2018,,2.7,,,,,
dataflow,ESTAT:TPS00203(1.0),Total unemployment rate,A,Annual,Y15-74,From 15 to 74 years,PC_ACT,Percentage of population in the labour force,T,Total,IS,Iceland,2019,,3.5,,,,,
dataflow,ESTAT:TPS00203(1.0),Total unemployment rate,A,Annual,Y15-74,From 15 to 74 years,PC_ACT,Percentage of population in the labour force,T,Total,IS,Iceland,2020,,5.5,,b,break in time series,,
dataflow,ESTAT:TPS00203(1.0),Total unemployment rate,A,Annual,Y15-74,From 15 to 74 years,PC_ACT,Percentage of population in the labour force,T,Total,IS,Iceland,2021,,6.1,,,,,
dataflow,ESTAT:TPS00203(1.0),Total unemployment rate,A,Annual,Y15-74,From 15 to 74 years,PC_ACT,Percentage of population in the labour force,T,Total,IS,Iceland,2022,,3.8,,,,,
dataflow,ESTAT:TPS00203(1.0),Total unemployment rate,A,Annual,Y15-74,From 15 to 74 years,PC_ACT,Percentage of population in the labour force,T,Total,IS,Iceland,2023,,3.5,,,,,
dataflow,ESTAT:TPS00203(1.0),Total unemployment rate,A,Annual,Y15-74,From 15 to 74 years,PC_ACT,Percentage of population in the labour force,T,Total,IS,Iceland,2024,,3.6,,,,,
dataflow,ESTAT:TPS00203(1.0),Total unemployment rate,A,Annual,Y15-74,From 15 to 74 years,PC_ACT,Percentage of population in the labour force,T,Total,IT,Italy,2013,,12.4,,,,,
dataflow,ESTAT:TPS00203(1.0),Total unemployment rate,A,Annual,Y15-74,From 15 to 74 years,PC_ACT,Percentage of population in the labour force,T,Total,IT,Italy,2014,,12.9,,,,,
dataflow,ESTAT:TPS00203(1.0),Total unemployment rate,A,Annual,Y15-74,From 15 to 74 years,PC_ACT,Percentage of population in the labour force,T,Total,IT,Italy,2015,,12.0,,,,,
dataflow,ESTAT:TPS00203(1.0),Total unemployment rate,A,Annual,Y15-74,From 15 to 74 years,PC_ACT,Percentage of population in the labour force,T,Total,IT,Italy,2016,,11.7,,,,,
dataflow,ESTAT:TPS00203(1.0),Total unemployment rate,A,Annual,Y15-74,From 15 to 74 years,PC_ACT,Percentage of population in the labour force,T,Total,IT,Italy,2017,,11.3,,,,,
dataflow,ESTAT:TPS00203(1.0),Total unemployment rate,A,Annual,Y15-74,From 15 to 74 years,PC_ACT,Percentage of population in the labour force,T,Total,IT,Italy,2018,,10.6,,b,break in time series,,
dataflow,ESTAT:TPS00203(1.0),Total unemployment rate,A,Annual,Y15-74,From 15 to 74 years,PC_ACT,Percentage of population in the labour force,T,Total,IT,Italy,2019,,9.9,,,,,
dataflow,ESTAT:TPS00203(1.0),Total unemployment rate,A,Annual,Y15-74,From 15 to 74 years,PC_ACT,Percentage of population in the labour force,T,Total,IT,Italy,2020,,9.3,,,,,
dataflow,ESTAT:TPS00203(1.0),Total unemployment rate,A,Annual,Y15-74,From 15 to 74 years,PC_ACT,Percentage of population in the labour force,T,Total,IT,Italy,2021,,9.5,,,,,
dataflow,ESTAT:TPS00203(1.0),Total unemployment rate,A,Annual,Y15-74,From 15 to 74 years,PC_ACT,Percentage of population in the labour force,T,Total,IT,Italy,2022,,8.1,,,,,
dataflow,ESTAT:TPS00203(1.0),Total unemployment rate,A,Annual,Y15-74,From 15 to 74 years,PC_ACT,Percentage of population in the labour force,T,Total,IT,Italy,2023,,7.7,,,,,
dataflow,ESTAT:TPS00203(1.0),Total unemployment rate,A,Annual,Y15-74,From 15 to 74 years,PC_ACT,Percentage of population in the labour force,T,Total,IT,Italy,2024,,6.5,,,,,
dataflow,ESTAT:TPS00203(1.0),Total unemployment rate,A,Annual,Y15-74,From 15 to 74 years,PC_ACT,Percentage of population in the labour force,T,Total,LT,Lithuania,2013,,11.8,,,,,
dataflow,ESTAT:TPS00203(1.0),Total unemployment rate,A,Annual,Y15-74,From 15 to 74 years,PC_ACT,Percentage of population in the labour force,T,Total,LT,Lithuania,2014,,10.7,,,,,
dataflow,ESTAT:TPS00203(1.0),Total unemployment rate,A,Annual,Y15-74,From 15 to 74 years,PC_ACT,Percentage of population in the labour force,T,Total,LT,Lithuania,2015,,9.1,,,,,
dataflow,ESTAT:TPS00203(1.0),Total unemployment rate,A,Annual,Y15-74,From 15 to 74 years,PC_ACT,Percentage of population in the labour force,T,Total,LT,Lithuania,2016,,7.9,,,,,
dataflow,ESTAT:TPS00203(1.0),Total unemployment rate,A,Annual,Y15-74,From 15 to 74 years,PC_ACT,Percentage of population in the labour force,T,Total,LT,Lithuania,2017,,7.1,,,,,
dataflow,ESTAT:TPS00203(1.0),Total unemployment rate,A,Annual,Y15-74,From 15 to 74 years,PC_ACT,Percentage of population in the labour force,T,Total,LT,Lithuania,2018,,6.2,,,,,
dataflow,ESTAT:TPS00203(1.0),Total unemployment rate,A,Annual,Y15-74,From 15 to 74 years,PC_ACT,Percentage of population in the labour force,T,Total,LT,Lithuania,2019,,6.3,,,,,
dataflow,ESTAT:TPS00203(1.0),Total unemployment rate,A,Annual,Y15-74,From 15 to 74 years,PC_ACT,Percentage of population in the labour force,T,Total,LT,Lithuania,2020,,8.5,,,,,
dataflow,ESTAT:TPS00203(1.0),Total unemployment rate,A,Annual,Y15-74,From 15 to 74 years,PC_ACT,Percentage of population in the labour force,T,Total,LT,Lithuania,2021,,7.1,,,,,
dataflow,ESTAT:TPS00203(1.0),Total unemployment rate,A,Annual,Y15-74,From 15 to 74 years,PC_ACT,Percentage of population in the labour force,T,Total,LT,Lithuania,2022,,6.0,,,,,
dataflow,ESTAT:TPS00203(1.0),Total unemployment rate,A,Annual,Y15-74,From 15 to 74 years,PC_ACT,Percentage of population in the labour force,T,Total,LT,Lithuania,2023,,6.9,,,,,
dataflow,ESTAT:TPS00203(1.0),Total unemployment rate,A,Annual,Y15-74,From 15 to 74 years,PC_ACT,Percentage of population in the labour force,T,Total,LT,Lithuania,2024,,7.1,,,,,
dataflow,ESTAT:TPS00203(1.0),Total unemployment rate,A,Annual,Y15-74,From 15 to 74 years,PC_ACT,Percentage of population in the labour force,T,Total,LU,Luxembourg,2013,,5.9,,,,,
dataflow,ESTAT:TPS00203(1.0),Total unemployment rate,A,Annual,Y15-74,From 15 to 74 years,PC_ACT,Percentage of population in the labour force,T,Total,LU,Luxembourg,2014,,5.9,,,,,
dataflow,ESTAT:TPS00203(1.0),Total unemployment rate,A,Annual,Y15-74,From 15 to 74 years,PC_ACT,Percentage of population in the labour force,T,Total,LU,Luxembourg,2015,,6.7,,b,break in time series,,
dataflow,ESTAT:TPS00203(1.0),Total unemployment rate,A,Annual,Y15-74,From 15 to 74 years,PC_ACT,Percentage of population in the labour force,T,Total,LU,Luxembourg,2016,,6.3,,,,,
dataflow,ESTAT:TPS00203(1.0),Total unemployment rate,A,Annual,Y15-74,From 15 to 74 years,PC_ACT,Percentage of population in the labour force,T,Total,LU,Luxembourg,2017,,5.5,,,,,
dataflow,ESTAT:TPS00203(1.0),Total unemployment rate,A,Annual,Y15-74,From 15 to 74 years,PC_ACT,Percentage of population in the labour force,T,Total,LU,Luxembourg,2018,,5.6,,,,,
dataflow,ESTAT:TPS00203(1.0),Total unemployment rate,A,Annual,Y15-74,From 15 to 74 years,PC_ACT,Percentage of population in the labour force,T,Total,LU,Luxembourg,2019,,5.6,,,,,
dataflow,ESTAT:TPS00203(1.0),Total unemployment rate,A,Annual,Y15-74,From 15 to 74 years,PC_ACT,Percentage of population in the labour force,T,Total,LU,Luxembourg,2020,,6.8,,,,,
dataflow,ESTAT:TPS00203(1.0),Total unemployment rate,A,Annual,Y15-74,From 15 to 74 years,PC_ACT,Percentage of population in the labour force,T,Total,LU,Luxembourg,2021,,5.3,,,,,
dataflow,ESTAT:TPS00203(1.0),Total unemployment rate,A,Annual,Y15-74,From 15 to 74 years,PC_ACT,Percentage of population in the labour force,T,Total,LU,Luxembourg,2022,,4.6,,,,,
dataflow,ESTAT:TPS00203(1.0),Total unemployment rate,A,Annual,Y15-74,From 15 to 74 years,PC_ACT,Percentage of population in the labour force,T,Total,LU,Luxembourg,2023,,5.2,,,,,
dataflow,ESTAT:TPS00203(1.0),Total unemployment rate,A,Annual,Y15-74,From 15 to 74 years,PC_ACT,Percentage of population in the labour force,T,Total,LU,Luxembourg,2024,,6.4,,,,,
dataflow,ESTAT:TPS00203(1.0),Total unemployment rate,A,Annual,Y15-74,From 15 to 74 years,PC_ACT,Percentage of population in the labour force,T,Total,LV,Latvia,2013,,11.9,,,,,
dataflow,ESTAT:TPS00203(1.0),Total unemployment rate,A,Annual,Y15-74,From 15 to 74 years,PC_ACT,Percentage of population in the labour force,T,Total,LV,Latvia,2014,,10.9,,,,,
dataflow,ESTAT:TPS00203(1.0),Total unemployment rate,A,Annual,Y15-74,From 15 to 74 years,PC_ACT,Percentage of population in the labour force,T,Total,LV,Latvia,2015,,9.9,,,,,
dataflow,ESTAT:TPS00203(1.0),Total unemployment rate,A,Annual,Y15-74,From 15 to 74 years,PC_ACT,Percentage of population in the labour force,T,Total,LV,Latvia,2016,,9.7,,,,,
dataflow,ESTAT:TPS00203(1.0),Total unemployment rate,A,Annual,Y15-74,From 15 to 74 years,PC_ACT,Percentage of population in the labour force,T,Total,LV,Latvia,2017,,8.7,,,,,
dataflow,ESTAT:TPS00203(1.0),Total unemployment rate,A,Annual,Y15-74,From 15 to 74 years,PC_ACT,Percentage of population in the labour force,T,Total,LV,Latvia,2018,,7.4,,,,,
dataflow,ESTAT:TPS00203(1.0),Total unemployment rate,A,Annual,Y15-74,From 15 to 74 years,PC_ACT,Percentage of population in the labour force,T,Total,LV,Latvia,2019,,6.3,,,,,
dataflow,ESTAT:TPS00203(1.0),Total unemployment rate,A,Annual,Y15-74,From 15 to 74 years,PC_ACT,Percentage of population in the labour force,T,Total,LV,Latvia,2020,,8.1,,,,,
dataflow,ESTAT:TPS00203(1.0),Total unemployment rate,A,Annual,Y15-74,From 15 to 74 years,PC_ACT,Percentage of population in the labour force,T,Total,LV,Latvia,2021,,7.6,,,,,
dataflow,ESTAT:TPS00203(1.0),Total unemployment rate,A,Annual,Y15-74,From 15 to 74 years,PC_ACT,Percentage of population in the labour force,T,Total,LV,Latvia,2022,,6.9,,,,,
dataflow,ESTAT:TPS00203(1.0),Total unemployment rate,A,Annual,Y15-74,From 15 to 74 years,PC_ACT,Percentage of population in the labour force,T,Total,LV,Latvia,2023,,6.5,,,,,
dataflow,ESTAT:TPS00203(1.0),Total unemployment rate,A,Annual,Y15-74,From 15 to 74 years,PC_ACT,Percentage of population in the labour force,T,Total,LV,Latvia,2024,,6.9,,,,,
dataflow,ESTAT:TPS00203(1.0),Total unemployment rate,A,Annual,Y15-74,From 15 to 74 years,PC_ACT,Percentage of population in the labour force,T,Total,ME,Montenegro,2013,,19.5,,,,,
dataflow,ESTAT:TPS00203(1.0),Total unemployment rate,A,Annual,Y15-74,From 15 to 74 years,PC_ACT,Percentage of population in the labour force,T,Total,ME,Montenegro,2014,,18.0,,,,,
dataflow,ESTAT:TPS00203(1.0),Total unemployment rate,A,Annual,Y15-74,From 15 to 74 years,PC_ACT,Percentage of population in the labour force,T,Total,ME,Montenegro,2015,,17.6,,,,,
dataflow,ESTAT:TPS00203(1.0),Total unemployment rate,A,Annual,Y15-74,From 15 to 74 years,PC_ACT,Percentage of population in the labour force,T,Total,ME,Montenegro,2016,,17.8,,,,,
dataflow,ESTAT:TPS00203(1.0),Total unemployment rate,A,Annual,Y15-74,From 15 to 74 years,PC_ACT,Percentage of population in the labour force,T,Total,ME,Montenegro,2017,,16.1,,,,,
dataflow,ESTAT:TPS00203(1.0),Total unemployment rate,A,Annual,Y15-74,From 15 to 74 years,PC_ACT,Percentage of population in the labour force,T,Total,ME,Montenegro,2018,,15.2,,,,,
dataflow,ESTAT:TPS00203(1.0),Total unemployment rate,A,Annual,Y15-74,From 15 to 74 years,PC_ACT,Percentage of population in the labour force,T,Total,ME,Montenegro,2019,,15.2,,,,,
dataflow,ESTAT:TPS00203(1.0),Total unemployment rate,A,Annual,Y15-74,From 15 to 74 years,PC_ACT,Percentage of population in the labour force,T,Total,ME,Montenegro,2020,,17.9,,,,,
dataflow,ESTAT:TPS00203(1.0),Total unemployment rate,A,Annual,Y15-74,From 15 to 74 years,PC_ACT,Percentage of population in the labour force,T,Total,MK,North Macedonia,2013,,29.0,,,,,
dataflow,ESTAT:TPS00203(1.0),Total unemployment rate,A,Annual,Y15-74,From 15 to 74 years,PC_ACT,Percentage of population in the labour force,T,Total,MK,North Macedonia,2014,,28.0,,,,,
dataflow,ESTAT:TPS00203(1.0),Total unemployment rate,A,Annual,Y15-74,From 15 to 74 years,PC_ACT,Percentage of population in the labour force,T,Total,MK,North Macedonia,2015,,26.1,,,,,
dataflow,ESTAT:TPS00203(1.0),Total unemployment rate,A,Annual,Y15-74,From 15 to 74 years,PC_ACT,Percentage of population in the labour force,T,Total,MK,North Macedonia,2016,,23.7,,,,,
dataflow,ESTAT:TPS00203(1.0),Total unemployment rate,A,Annual,Y15-74,From 15 to 74 years,PC_ACT,Percentage of population in the labour force,T,Total,MK,North Macedonia,2017,,22.4,,,,,
dataflow,ESTAT:TPS00203(1.0),Total unemployment rate,A,Annual,Y15-74,From 15 to 74 years,PC_ACT,Percentage of population in the labour force,T,Total,MK,North Macedonia,2018,,20.8,,,,,
dataflow,ESTAT:TPS00203(1.0),Total unemployment rate,A,Annual,Y15-74,From 15 to 74 years,PC_ACT,Percentage of population in the labour force,T,Total,MK,North Macedonia,2019,,17.3,,,,,
dataflow,ESTAT:TPS00203(1.0),Total unemployment rate,A,Annual,Y15-74,From 15 to 74 years,PC_ACT,Percentage of population in the labour force,T,Total,MK,North Macedonia,2020,,16.4,,,,,
dataflow,ESTAT:TPS00203(1.0),Total unemployment rate,A,Annual,Y15-74,From 15 to 74 years,PC_ACT,Percentage of population in the labour force,T,Total,MK,North Macedonia,2021,,15.5,,b,break in time series,,
dataflow,ESTAT:TPS00203(1.0),Total unemployment rate,A,Annual,Y15-74,From 15 to 74 years,PC_ACT,Percentage of population in the labour force,T,Total,MK,North Macedonia,2022,,14.4,,,,,
dataflow,ESTAT:TPS00203(1.0),Total unemployment rate,A,Annual,Y15-74,From 15 to 74 years,PC_ACT,Percentage of population in the labour force,T,Total,MK,North Macedonia,2023,,13.1,,,,,
dataflow,ESTAT:TPS00203(1.0),Total unemployment rate,A,Annual,Y15-74,From 15 to 74 years,PC_ACT,Percentage of population in the labour force,T,Total,MK,North Macedonia,2024,,12.3,,,,,
dataflow,ESTAT:TPS00203(1.0),Total unemployment rate,A,Annual,Y15-74,From 15 to 74 years,PC_ACT,Percentage of population in the labour force,T,Total,MT,Malta,2013,,6.1,,,,,
dataflow,ESTAT:TPS00203(1.0),Total unemployment rate,A,Annual,Y15-74,From 15 to 74 years,PC_ACT,Percentage of population in the labour force,T,Total,MT,Malta,2014,,5.7,,,,,
dataflow,ESTAT:TPS00203(1.0),Total unemployment rate,A,Annual,Y15-74,From 15 to 74 years,PC_ACT,Percentage of population in the labour force,T,Total,MT,Malta,2015,,5.4,,,,,
dataflow,ESTAT:TPS00203(1.0),Total unemployment rate,A,Annual,Y15-74,From 15 to 74 years,PC_ACT,Percentage of population in the labour force,T,Total,MT,Malta,2016,,4.7,,,,,
dataflow,ESTAT:TPS00203(1.0),Total unemployment rate,A,Annual,Y15-74,From 15 to 74 years,PC_ACT,Percentage of population in the labour force,T,Total,MT,Malta,2017,,4.0,,,,,
dataflow,ESTAT:TPS00203(1.0),Total unemployment rate,A,Annual,Y15-74,From 15 to 74 years,PC_ACT,Percentage of population in the labour force,T,Total,MT,Malta,2018,,4.0,,,,,
dataflow,ESTAT:TPS00203(1.0),Total unemployment rate,A,Annual,Y15-74,From 15 to 74 years,PC_ACT,Percentage of population in the labour force,T,Total,MT,Malta,2019,,4.1,,,,,
dataflow,ESTAT:TPS00203(1.0),Total unemployment rate,A,Annual,Y15-74,From 15 to 74 years,PC_ACT,Percentage of population in the labour force,T,Total,MT,Malta,2020,,4.9,,,,,
dataflow,ESTAT:TPS00203(1.0),Total unemployment rate,A,Annual,Y15-74,From 15 to 74 years,PC_ACT,Percentage of population in the labour force,T,Total,MT,Malta,2021,,3.8,,,,,
dataflow,ESTAT:TPS00203(1.0),Total unemployment rate,A,Annual,Y15-74,From 15 to 74 years,PC_ACT,Percentage of population in the labour force,T,Total,MT,Malta,2022,,3.5,,,,,
dataflow,ESTAT:TPS00203(1.0),Total unemployment rate,A,Annual,Y15-74,From 15 to 74 years,PC_ACT,Percentage of population in the labour force,T,Total,MT,Malta,2023,,3.5,,,,,
dataflow,ESTAT:TPS00203(1.0),Total unemployment rate,A,Annual,Y15-74,From 15 to 74 years,PC_ACT,Percentage of population in the labour force,T,Total,MT,Malta,2024,,3.2,,,,,
dataflow,ESTAT:TPS00203(1.0),Total unemployment rate,A,Annual,Y15-74,From 15 to 74 years,PC_ACT,Percentage of population in the labour force,T,Total,NL,Netherlands,2013,,8.2,,,,,
dataflow,ESTAT:TPS00203(1.0),Total unemployment rate,A,Annual,Y15-74,From 15 to 74 years,PC_ACT,Percentage of population in the labour force,T,Total,NL,Netherlands,2014,,8.4,,,,,
dataflow,ESTAT:TPS00203(1.0),Total unemployment rate,A,Annual,Y15-74,From 15 to 74 years,PC_ACT,Percentage of population in the labour force,T,Total,NL,Netherlands,2015,,7.9,,,,,
dataflow,ESTAT:TPS00203(1.0),Total unemployment rate,A,Annual,Y15-74,From 15 to 74 years,PC_ACT,Percentage of population in the labour force,T,Total,NL,Netherlands,2016,,7.0,,,,,
dataflow,ESTAT:TPS00203(1.0),Total unemployment rate,A,Annual,Y15-74,From 15 to 74 years,PC_ACT,Percentage of population in the labour force,T,Total,NL,Netherlands,2017,,5.9,,,,,
dataflow,ESTAT:TPS00203(1.0),Total unemployment rate,A,Annual,Y15-74,From 15 to 74 years,PC_ACT,Percentage of population in the labour force,T,Total,NL,Netherlands,2018,,4.9,,,,,
dataflow,ESTAT:TPS00203(1.0),Total unemployment rate,A,Annual,Y15-74,From 15 to 74 years,PC_ACT,Percentage of population in the labour force,T,Total,NL,Netherlands,2019,,4.4,,,,,
dataflow,ESTAT:TPS00203(1.0),Total unemployment rate,A,Annual,Y15-74,From 15 to 74 years,PC_ACT,Percentage of population in the labour force,T,Total,NL,Netherlands,2020,,4.9,,,,,
dataflow,ESTAT:TPS00203(1.0),Total unemployment rate,A,Annual,Y15-74,From 15 to 74 years,PC_ACT,Percentage of population in the labour force,T,Total,NL,Netherlands,2021,,4.2,,,,,
dataflow,ESTAT:TPS00203(1.0),Total unemployment rate,A,Annual,Y15-74,From 15 to 74 years,PC_ACT,Percentage of population in the labour force,T,Total,NL,Netherlands,2022,,3.5,,,,,
dataflow,ESTAT:TPS00203(1.0),Total unemployment rate,A,Annual,Y15-74,From 15 to 74 years,PC_ACT,Percentage of population in the labour force,T,Total,NL,Netherlands,2023,,3.6,,,,,
dataflow,ESTAT:TPS00203(1.0),Total unemployment rate,A,Annual,Y15-74,From 15 to 74 years,PC_ACT,Percentage of population in the labour force,T,Total,NL,Netherlands,2024,,3.7,,,,,
dataflow,ESTAT:TPS00203(1.0),Total unemployment rate,A,Annual,Y15-74,From 15 to 74 years,PC_ACT,Percentage of population in the labour force,T,Total,NO,Norway,2013,,3.9,,,,,
dataflow,ESTAT:TPS00203(1.0),Total unemployment rate,A,Annual,Y15-74,From 15 to 74 years,PC_ACT,Percentage of population in the labour force,T,Total,NO,Norway,2014,,3.8,,,,,
dataflow,ESTAT:TPS00203(1.0),Total unemployment rate,A,Annual,Y15-74,From 15 to 74 years,PC_ACT,Percentage of population in the labour force,T,Total,NO,Norway,2015,,4.7,,,,,
dataflow,ESTAT:TPS00203(1.0),Total unemployment rate,A,Annual,Y15-74,From 15 to 74 years,PC_ACT,Percentage of population in the labour force,T,Total,NO,Norway,2016,,4.9,,,,,
dataflow,ESTAT:TPS00203(1.0),Total unemployment rate,A,Annual,Y15-74,From 15 to 74 years,PC_ACT,Percentage of population in the labour force,T,Total,NO,Norway,2017,,4.4,,,,,
dataflow,ESTAT:TPS00203(1.0),Total unemployment rate,A,Annual,Y15-74,From 15 to 74 years,PC_ACT,Percentage of population in the labour force,T,Total,NO,Norway,2018,,4.0,,,,,
dataflow,ESTAT:TPS00203(1.0),Total unemployment rate,A,Annual,Y15-74,From 15 to 74 years,PC_ACT,Percentage of population in the labour force,T,Total,NO,Norway,2019,,3.9,,,,,
dataflow,ESTAT:TPS00203(1.0),Total unemployment rate,A,Annual,Y15-74,From 15 to 74 years,PC_ACT,Percentage of population in the labour force,T,Total,NO,Norway,2020,,4.7,,,,,
dataflow,ESTAT:TPS00203(1.0),Total unemployment rate,A,Annual,Y15-74,From 15 to 74 years,PC_ACT,Percentage of population in the labour force,T,Total,NO,Norway,2021,,4.4,,,,,
dataflow,ESTAT:TPS00203(1.0),Total unemployment rate,A,Annual,Y15-74,From 15 to 74 years,PC_ACT,Percentage of population in the labour force,T,Total,NO,Norway,2022,,3.2,,,,,
dataflow,ESTAT:TPS00203(1.0),Total unemployment rate,A,Annual,Y15-74,From 15 to 74 years,PC_ACT,Percentage of population in the labour force,T,Total,NO,Norway,2023,,3.6,,,,,
dataflow,ESTAT:TPS00203(1.0),Total unemployment rate,A,Annual,Y15-74,From 15 to 74 years,PC_ACT,Percentage of population in the labour force,T,Total,NO,Norway,2024,,4.0,,,,,
dataflow,ESTAT:TPS00203(1.0),Total unemployment rate,A,Annual,Y15-74,From 15 to 74 years,PC_ACT,Percentage of population in the labour force,T,Total,PL,Poland,2013,,10.6,,,,,
dataflow,ESTAT:TPS00203(1.0),Total unemployment rate,A,Annual,Y15-74,From 15 to 74 years,PC_ACT,Percentage of population in the labour force,T,Total,PL,Poland,2014,,9.2,,,,,
dataflow,ESTAT:TPS00203(1.0),Total unemployment rate,A,Annual,Y15-74,From 15 to 74 years,PC_ACT,Percentage of population in the labour force,T,Total,PL,Poland,2015,,7.7,,,,,
dataflow,ESTAT:TPS00203(1.0),Total unemployment rate,A,Annual,Y15-74,From 15 to 74 years,PC_ACT,Percentage of population in the labour force,T,Total,PL,Poland,2016,,6.3,,,,,
dataflow,ESTAT:TPS00203(1.0),Total unemployment rate,A,Annual,Y15-74,From 15 to 74 years,PC_ACT,Percentage of population in the labour force,T,Total,PL,Poland,2017,,5.0,,,,,
dataflow,ESTAT:TPS00203(1.0),Total unemployment rate,A,Annual,Y15-74,From 15 to 74 years,PC_ACT,Percentage of population in the labour force,T,Total,PL,Poland,2018,,3.9,,,,,
dataflow,ESTAT:TPS00203(1.0),Total unemployment rate,A,Annual,Y15-74,From 15 to 74 years,PC_ACT,Percentage of population in the labour force,T,Total,PL,Poland,2019,,3.3,,b,break in time series,,
dataflow,ESTAT:TPS00203(1.0),Total unemployment rate,A,Annual,Y15-74,From 15 to 74 years,PC_ACT,Percentage of population in the labour force,T,Total,PL,Poland,2020,,3.2,,,,,
dataflow,ESTAT:TPS00203(1.0),Total unemployment rate,A,Annual,Y15-74,From 15 to 74 years,PC_ACT,Percentage of population in the labour force,T,Total,PL,Poland,2021,,3.4,,,,,
dataflow,ESTAT:TPS00203(1.0),Total unemployment rate,A,Annual,Y15-74,From 15 to 74 years,PC_ACT,Percentage of population in the labour force,T,Total,PL,Poland,2022,,2.9,,,,,
dataflow,ESTAT:TPS00203(1.0),Total unemployment rate,A,Annual,Y15-74,From 15 to 74 years,PC_ACT,Percentage of population in the labour force,T,Total,PL,Poland,2023,,2.8,,,,,
dataflow,ESTAT:TPS00203(1.0),Total unemployment rate,A,Annual,Y15-74,From 15 to 74 years,PC_ACT,Percentage of population in the labour force,T,Total,PL,Poland,2024,,2.9,,,,,
dataflow,ESTAT:TPS00203(1.0),Total unemployment rate,A,Annual,Y15-74,From 15 to 74 years,PC_ACT,Percentage of population in the labour force,T,Total,PT,Portugal,2013,,17.2,,,,,
dataflow,ESTAT:TPS00203(1.0),Total unemployment rate,A,Annual,Y15-74,From 15 to 74 years,PC_ACT,Percentage of population in the labour force,T,Total,PT,Portugal,2014,,14.6,,,,,
dataflow,ESTAT:TPS00203(1.0),Total unemployment rate,A,Annual,Y15-74,From 15 to 74 years,PC_ACT,Percentage of population in the labour force,T,Total,PT,Portugal,2015,,13.0,,,,,
dataflow,ESTAT:TPS00203(1.0),Total unemployment rate,A,Annual,Y15-74,From 15 to 74 years,PC_ACT,Percentage of population in the labour force,T,Total,PT,Portugal,2016,,11.5,,,,,
dataflow,ESTAT:TPS00203(1.0),Total unemployment rate,A,Annual,Y15-74,From 15 to 74 years,PC_ACT,Percentage of population in the labour force,T,Total,PT,Portugal,2017,,9.2,,,,,
dataflow,ESTAT:TPS00203(1.0),Total unemployment rate,A,Annual,Y15-74,From 15 to 74 years,PC_ACT,Percentage of population in the labour force,T,Total,PT,Portugal,2018,,7.2,,,,,
dataflow,ESTAT:TPS00203(1.0),Total unemployment rate,A,Annual,Y15-74,From 15 to 74 years,PC_ACT,Percentage of population in the labour force,T,Total,PT,Portugal,2019,,6.6,,,,,
dataflow,ESTAT:TPS00203(1.0),Total unemployment rate,A,Annual,Y15-74,From 15 to 74 years,PC_ACT,Percentage of population in the labour force,T,Total,PT,Portugal,2020,,7.1,,,,,
dataflow,ESTAT:TPS00203(1.0),Total unemployment rate,A,Annual,Y15-74,From 15 to 74 years,PC_ACT,Percentage of population in the labour force,T,Total,PT,Portugal,2021,,6.7,,,,,
dataflow,ESTAT:TPS00203(1.0),Total unemployment rate,A,Annual,Y15-74,From 15 to 74 years,PC_ACT,Percentage of population in the labour force,T,Total,PT,Portugal,2022,,6.2,,,,,
dataflow,ESTAT:TPS00203(1.0),Total unemployment rate,A,Annual,Y15-74,From 15 to 74 years,PC_ACT,Percentage of population in the labour force,T,Total,PT,Portugal,2023,,6.5,,,,,
dataflow,ESTAT:TPS00203(1.0),Total unemployment rate,A,Annual,Y15-74,From 15 to 74 years,PC_ACT,Percentage of population in the labour force,T,Total,PT,Portugal,2024,,6.5,,,,,
dataflow,ESTAT:TPS00203(1.0),Total unemployment rate,A,Annual,Y15-74,From 15 to 74 years,PC_ACT,Percentage of population in the labour force,T,Total,RO,Romania,2013,,9.0,,,,,
dataflow,ESTAT:TPS00203(1.0),Total unemployment rate,A,Annual,Y15-74,From 15 to 74 years,PC_ACT,Percentage of population in the labour force,T,Total,RO,Romania,2014,,8.6,,,,,
dataflow,ESTAT:TPS00203(1.0),Total unemployment rate,A,Annual,Y15-74,From 15 to 74 years,PC_ACT,Percentage of population in the labour force,T,Total,RO,Romania,2015,,8.4,,,,,
dataflow,ESTAT:TPS00203(1.0),Total unemployment rate,A,Annual,Y15-74,From 15 to 74 years,PC_ACT,Percentage of population in the labour force,T,Total,RO,Romania,2016,,7.2,,,,,
dataflow,ESTAT:TPS00203(1.0),Total unemployment rate,A,Annual,Y15-74,From 15 to 74 years,PC_ACT,Percentage of population in the labour force,T,Total,RO,Romania,2017,,6.1,,,,,
dataflow,ESTAT:TPS00203(1.0),Total unemployment rate,A,Annual,Y15-74,From 15 to 74 years,PC_ACT,Percentage of population in the labour force,T,Total,RO,Romania,2018,,5.3,,,,,
dataflow,ESTAT:TPS00203(1.0),Total unemployment rate,A,Annual,Y15-74,From 15 to 74 years,PC_ACT,Percentage of population in the labour force,T,Total,RO,Romania,2019,,4.9,,,,,
dataflow,ESTAT:TPS00203(1.0),Total unemployment rate,A,Annual,Y15-74,From 15 to 74 years,PC_ACT,Percentage of population in the labour force,T,Total,RO,Romania,2020,,6.1,,,,,
dataflow,ESTAT:TPS00203(1.0),Total unemployment rate,A,Annual,Y15-74,From 15 to 74 years,PC_ACT,Percentage of population in the labour force,T,Total,RO,Romania,2021,,5.6,,,,,
dataflow,ESTAT:TPS00203(1.0),Total unemployment rate,A,Annual,Y15-74,From 15 to 74 years,PC_ACT,Percentage of population in the labour force,T,Total,RO,Romania,2022,,5.6,,,,,
dataflow,ESTAT:TPS00203(1.0),Total unemployment rate,A,Annual,Y15-74,From 15 to 74 years,PC_ACT,Percentage of population in the labour force,T,Total,RO,Romania,2023,,5.6,,,,,
dataflow,ESTAT:TPS00203(1.0),Total unemployment rate,A,Annual,Y15-74,From 15 to 74 years,PC_ACT,Percentage of population in the labour force,T,Total,RO,Romania,2024,,5.4,,,,,
dataflow,ESTAT:TPS00203(1.0),Total unemployment rate,A,Annual,Y15-74,From 15 to 74 years,PC_ACT,Percentage of population in the labour force,T,Total,RS,Serbia,2013,,24.2,,,,,
dataflow,ESTAT:TPS00203(1.0),Total unemployment rate,A,Annual,Y15-74,From 15 to 74 years,PC_ACT,Percentage of population in the labour force,T,Total,RS,Serbia,2014,,20.7,,,,,
dataflow,ESTAT:TPS00203(1.0),Total unemployment rate,A,Annual,Y15-74,From 15 to 74 years,PC_ACT,Percentage of population in the labour force,T,Total,RS,Serbia,2015,,19.0,,,,,
dataflow,ESTAT:TPS00203(1.0),Total unemployment rate,A,Annual,Y15-74,From 15 to 74 years,PC_ACT,Percentage of population in the labour force,T,Total,RS,Serbia,2016,,16.5,,,,,
dataflow,ESTAT:TPS00203(1.0),Total unemployment rate,A,Annual,Y15-74,From 15 to 74 years,PC_ACT,Percentage of population in the labour force,T,Total,RS,Serbia,2017,,14.6,,,,,
dataflow,ESTAT:TPS00203(1.0),Total unemployment rate,A,Annual,Y15-74,From 15 to 74 years,PC_ACT,Percentage of population in the labour force,T,Total,RS,Serbia,2018,,13.8,,,,,
dataflow,ESTAT:TPS00203(1.0),Total unemployment rate,A,Annual,Y15-74,From 15 to 74 years,PC_ACT,Percentage of population in the labour force,T,Total,RS,Serbia,2019,,11.3,,,,,
dataflow,ESTAT:TPS00203(1.0),Total unemployment rate,A,Annual,Y15-74,From 15 to 74 years,PC_ACT,Percentage of population in the labour force,T,Total,RS,Serbia,2020,,9.8,,,,,
dataflow,ESTAT:TPS00203(1.0),Total unemployment rate,A,Annual,Y15-74,From 15 to 74 years,PC_ACT,Percentage of population in the labour force,T,Total,RS,Serbia,2021,,11.2,,,,,
dataflow,ESTAT:TPS00203(1.0),Total unemployment rate,A,Annual,Y15-74,From 15 to 74 years,PC_ACT,Percentage of population in the labour force,T,Total,RS,Serbia,2022,,9.6,,,,,
dataflow,ESTAT:TPS00203(1.0),Total unemployment rate,A,Annual,Y15-74,From 15 to 74 years,PC_ACT,Percentage of population in the labour force,T,Total,RS,Serbia,2023,,9.5,,,,,
dataflow,ESTAT:TPS00203(1.0),Total unemployment rate,A,Annual,Y15-74,From 15 to 74 years,PC_ACT,Percentage of population in the labour force,T,Total,RS,Serbia,2024,,8.6,,,,,
dataflow,ESTAT:TPS00203(1.0),Total unemployment rate,A,Annual,Y15-74,From 15 to 74 years,PC_ACT,Percentage of population in the labour force,T,Total,SE,Sweden,2013,,8.1,,,,,
dataflow,ESTAT:TPS00203(1.0),Total unemployment rate,A,Annual,Y15-74,From 15 to 74 years,PC_ACT,Percentage of population in the labour force,T,Total,SE,Sweden,2014,,8.0,,,,,
dataflow,ESTAT:TPS00203(1.0),Total unemployment rate,A,Annual,Y15-74,From 15 to 74 years,PC_ACT,Percentage of population in the labour force,T,Total,SE,Sweden,2015,,7.5,,,,,
dataflow,ESTAT:TPS00203(1.0),Total unemployment rate,A,Annual,Y15-74,From 15 to 74 years,PC_ACT,Percentage of population in the labour force,T,Total,SE,Sweden,2016,,7.1,,,,,
dataflow,ESTAT:TPS00203(1.0),Total unemployment rate,A,Annual,Y15-74,From 15 to 74 years,PC_ACT,Percentage of population in the labour force,T,Total,SE,Sweden,2017,,6.8,,,,,
dataflow,ESTAT:TPS00203(1.0),Total unemployment rate,A,Annual,Y15-74,From 15 to 74 years,PC_ACT,Percentage of population in the labour force,T,Total,SE,Sweden,2018,,6.5,,,,,
dataflow,ESTAT:TPS00203(1.0),Total unemployment rate,A,Annual,Y15-74,From 15 to 74 years,PC_ACT,Percentage of population in the labour force,T,Total,SE,Sweden,2019,,6.9,,,,,
dataflow,ESTAT:TPS00203(1.0),Total unemployment rate,A,Annual,Y15-74,From 15 to 74 years,PC_ACT,Percentage of population in the labour force,T,Total,SE,Sweden,2020,,8.5,,,,,
dataflow,ESTAT:TPS00203(1.0),Total unemployment rate,A,Annual,Y15-74,From 15 to 74 years,PC_ACT,Percentage of population in the labour force,T,Total,SE,Sweden,2021,,8.9,,,,,
dataflow,ESTAT:TPS00203(1.0),Total unemployment rate,A,Annual,Y15-74,From 15 to 74 years,PC_ACT,Percentage of population in the labour force,T,Total,SE,Sweden,2022,,7.5,,,,,
dataflow,ESTAT:TPS00203(1.0),Total unemployment rate,A,Annual,Y15-74,From 15 to 74 years,PC_ACT,Percentage of population in the labour force,T,Total,SE,Sweden,2023,,7.7,,,,,
dataflow,ESTAT:TPS00203(1.0),Total unemployment rate,A,Annual,Y15-74,From 15 to 74 years,PC_ACT,Percentage of population in the labour force,T,Total,SE,Sweden,2024,,8.4,,,,,
dataflow,ESTAT:TPS00203(1.0),Total unemployment rate,A,Annual,Y15-74,From 15 to 74 years,PC_ACT,Percentage of population in the labour force,T,Total,SI,Slovenia,2013,,10.1,,,,,
dataflow,ESTAT:TPS00203(1.0),Total unemployment rate,A,Annual,Y15-74,From 15 to 74 years,PC_ACT,Percentage of population in the labour force,T,Total,SI,Slovenia,2014,,9.7,,,,,
dataflow,ESTAT:TPS00203(1.0),Total unemployment rate,A,Annual,Y15-74,From 15 to 74 years,PC_ACT,Percentage of population in the labour force,T,Total,SI,Slovenia,2015,,9.0,,,,,
dataflow,ESTAT:TPS00203(1.0),Total unemployment rate,A,Annual,Y15-74,From 15 to 74 years,PC_ACT,Percentage of population in the labour force,T,Total,SI,Slovenia,2016,,8.0,,,,,
dataflow,ESTAT:TPS00203(1.0),Total unemployment rate,A,Annual,Y15-74,From 15 to 74 years,PC_ACT,Percentage of population in the labour force,T,Total,SI,Slovenia,2017,,6.6,,,,,
dataflow,ESTAT:TPS00203(1.0),Total unemployment rate,A,Annual,Y15-74,From 15 to 74 years,PC_ACT,Percentage of population in the labour force,T,Total,SI,Slovenia,2018,,5.1,,,,,
dataflow,ESTAT:TPS00203(1.0),Total unemployment rate,A,Annual,Y15-74,From 15 to 74 years,PC_ACT,Percentage of population in the labour force,T,Total,SI,Slovenia,2019,,4.4,,,,,
dataflow,ESTAT:TPS00203(1.0),Total unemployment rate,A,Annual,Y15-74,From 15 to 74 years,PC_ACT,Percentage of population in the labour force,T,Total,SI,Slovenia,2020,,5.0,,,,,
dataflow,ESTAT:TPS00203(1.0),Total unemployment rate,A,Annual,Y15-74,From 15 to 74 years,PC_ACT,Percentage of population in the labour force,T,Total,SI,Slovenia,2021,,4.8,,,,,
dataflow,ESTAT:TPS00203(1.0),Total unemployment rate,A,Annual,Y15-74,From 15 to 74 years,PC_ACT,Percentage of population in the labour force,T,Total,SI,Slovenia,2022,,4.0,,,,,
dataflow,ESTAT:TPS00203(1.0),Total unemployment rate,A,Annual,Y15-74,From 15 to 74 years,PC_ACT,Percentage of population in the labour force,T,Total,SI,Slovenia,2023,,3.7,,,,,
dataflow,ESTAT:TPS00203(1.0),Total unemployment rate,A,Annual,Y15-74,From 15 to 74 years,PC_ACT,Percentage of population in the labour force,T,Total,SI,Slovenia,2024,,3.7,,,,,
dataflow,ESTAT:TPS00203(1.0),Total unemployment rate,A,Annual,Y15-74,From 15 to 74 years,PC_ACT,Percentage of population in the labour force,T,Total,SK,Slovakia,2013,,14.1,,,,,
dataflow,ESTAT:TPS00203(1.0),Total unemployment rate,A,Annual,Y15-74,From 15 to 74 years,PC_ACT,Percentage of population in the labour force,T,Total,SK,Slovakia,2014,,13.1,,,,,
dataflow,ESTAT:TPS00203(1.0),Total unemployment rate,A,Annual,Y15-74,From 15 to 74 years,PC_ACT,Percentage of population in the labour force,T,Total,SK,Slovakia,2015,,11.5,,,,,
dataflow,ESTAT:TPS00203(1.0),Total unemployment rate,A,Annual,Y15-74,From 15 to 74 years,PC_ACT,Percentage of population in the labour force,T,Total,SK,Slovakia,2016,,9.6,,,,,
dataflow,ESTAT:TPS00203(1.0),Total unemployment rate,A,Annual,Y15-74,From 15 to 74 years,PC_ACT,Percentage of population in the labour force,T,Total,SK,Slovakia,2017,,8.1,,,,,
dataflow,ESTAT:TPS00203(1.0),Total unemployment rate,A,Annual,Y15-74,From 15 to 74 years,PC_ACT,Percentage of population in the labour force,T,Total,SK,Slovakia,2018,,6.5,,,,,
dataflow,ESTAT:TPS00203(1.0),Total unemployment rate,A,Annual,Y15-74,From 15 to 74 years,PC_ACT,Percentage of population in the labour force,T,Total,SK,Slovakia,2019,,5.7,,,,,
dataflow,ESTAT:TPS00203(1.0),Total unemployment rate,A,Annual,Y15-74,From 15 to 74 years,PC_ACT,Percentage of population in the labour force,T,Total,SK,Slovakia,2020,,6.7,,,,,
dataflow,ESTAT:TPS00203(1.0),Total unemployment rate,A,Annual,Y15-74,From 15 to 74 years,PC_ACT,Percentage of population in the labour force,T,Total,SK,Slovakia,2021,,6.8,,,,,
dataflow,ESTAT:TPS00203(1.0),Total unemployment rate,A,Annual,Y15-74,From 15 to 74 years,PC_ACT,Percentage of population in the labour force,T,Total,SK,Slovakia,2022,,6.1,,,,,
dataflow,ESTAT:TPS00203(1.0),Total unemployment rate,A,Annual,Y15-74,From 15 to 74 years,PC_ACT,Percentage of population in the labour force,T,Total,SK,Slovakia,2023,,5.8,,,,,
dataflow,ESTAT:TPS00203(1.0),Total unemployment rate,A,Annual,Y15-74,From 15 to 74 years,PC_ACT,Percentage of population in the labour force,T,Total,SK,Slovakia,2024,,5.3,,,,,
dataflow,ESTAT:TPS00203(1.0),Total unemployment rate,A,Annual,Y15-74,From 15 to 74 years,PC_ACT,Percentage of population in the labour force,T,Total,TR,Türkiye,2013,,8.8,,,,,
dataflow,ESTAT:TPS00203(1.0),Total unemployment rate,A,Annual,Y15-74,From 15 to 74 years,PC_ACT,Percentage of population in the labour force,T,Total,TR,Türkiye,2014,,9.9,,b,break in time series,,
dataflow,ESTAT:TPS00203(1.0),Total unemployment rate,A,Annual,Y15-74,From 15 to 74 years,PC_ACT,Percentage of population in the labour force,T,Total,TR,Türkiye,2015,,10.3,,,,,
dataflow,ESTAT:TPS00203(1.0),Total unemployment rate,A,Annual,Y15-74,From 15 to 74 years,PC_ACT,Percentage of population in the labour force,T,Total,TR,Türkiye,2016,,10.9,,,,,
dataflow,ESTAT:TPS00203(1.0),Total unemployment rate,A,Annual,Y15-74,From 15 to 74 years,PC_ACT,Percentage of population in the labour force,T,Total,TR,Türkiye,2017,,10.9,,,,,
dataflow,ESTAT:TPS00203(1.0),Total unemployment rate,A,Annual,Y15-74,From 15 to 74 years,PC_ACT,Percentage of population in the labour force,T,Total,TR,Türkiye,2018,,10.9,,,,,
dataflow,ESTAT:TPS00203(1.0),Total unemployment rate,A,Annual,Y15-74,From 15 to 74 years,PC_ACT,Percentage of population in the labour force,T,Total,TR,Türkiye,2019,,13.7,,,,,
dataflow,ESTAT:TPS00203(1.0),Total unemployment rate,A,Annual,Y15-74,From 15 to 74 years,PC_ACT,Percentage of population in the labour force,T,Total,TR,Türkiye,2020,,13.2,,,,,
dataflow,ESTAT:TPS00203(1.0),Total unemployment rate,A,Annual,Y15-74,From 15 to 74 years,PC_ACT,Percentage of population in the labour force,T,Total,TR,Türkiye,2021,,12.0,,b,break in time series,,
dataflow,ESTAT:TPS00203(1.0),Total unemployment rate,A,Annual,Y15-74,From 15 to 74 years,PC_ACT,Percentage of population in the labour force,T,Total,TR,Türkiye,2022,,10.5,,,,,
dataflow,ESTAT:TPS00203(1.0),Total unemployment rate,A,Annual,Y15-74,From 15 to 74 years,PC_ACT,Percentage of population in the labour force,T,Total,TR,Türkiye,2023,,9.4,,,,,
dataflow,ESTAT:TPS00203(1.0),Total unemployment rate,A,Annual,Y15-74,From 15 to 74 years,PC_ACT,Percentage of population in the labour force,T,Total,TR,Türkiye,2024,,8.8,,,,,
